country,Years,Fertility Rate,Income
Afghanistan,1900,7,1110
Afghanistan,1901,7,1120
Afghanistan,1902,7,1140
Afghanistan,1903,7,1160
Afghanistan,1904,7,1180
Afghanistan,1905,7,1200
Afghanistan,1906,7,1220
Afghanistan,1907,7,1240
Afghanistan,1908,7,1260
Afghanistan,1909,7,1280
Afghanistan,1910,7,1300
Afghanistan,1911,7,1320
Afghanistan,1912,7,1340
Afghanistan,1913,7,1360
Afghanistan,1914,7,1380
Afghanistan,1915,7,1400
Afghanistan,1916,7,1430
Afghanistan,1917,7,1450
Afghanistan,1918,7,1470
Afghanistan,1919,7,1490
Afghanistan,1920,7,1520
Afghanistan,1921,7,1550
Afghanistan,1922,7,1570
Afghanistan,1923,7,1600
Afghanistan,1924,7,1630
Afghanistan,1925,7.03,1650
Afghanistan,1926,7.05,1680
Afghanistan,1927,7.08,1710
Afghanistan,1928,7.11,1740
Afghanistan,1929,7.14,1770
Afghanistan,1930,7.16,1790
Afghanistan,1931,7.19,1820
Afghanistan,1932,7.21,1850
Afghanistan,1933,7.24,1880
Afghanistan,1934,7.26,1910
Afghanistan,1935,7.29,1940
Afghanistan,1936,7.31,1970
Afghanistan,1937,7.33,2000
Afghanistan,1938,7.36,2030
Afghanistan,1939,7.38,2060
Afghanistan,1940,7.4,2090
Afghanistan,1941,7.42,2130
Afghanistan,1942,7.44,2160
Afghanistan,1943,7.46,2190
Afghanistan,1944,7.48,2220
Afghanistan,1945,7.5,2260
Afghanistan,1946,7.52,2290
Afghanistan,1947,7.54,2320
Afghanistan,1948,7.56,2360
Afghanistan,1949,7.57,2390
Afghanistan,1950,7.56,2420
Afghanistan,1951,7.55,2460
Afghanistan,1952,7.54,2570
Afghanistan,1953,7.53,2580
Afghanistan,1954,7.52,2580
Afghanistan,1955,7.51,2640
Afghanistan,1956,7.49,2590
Afghanistan,1957,7.48,2680
Afghanistan,1958,7.46,2710
Afghanistan,1959,7.45,2740
Afghanistan,1960,7.45,2700
Afghanistan,1961,7.45,2680
Afghanistan,1962,7.45,2670
Afghanistan,1963,7.45,2650
Afghanistan,1964,7.45,2640
Afghanistan,1965,7.45,2600
Afghanistan,1966,7.45,2600
Afghanistan,1967,7.45,2620
Afghanistan,1968,7.45,2590
Afghanistan,1969,7.45,2570
Afghanistan,1970,7.45,2500
Afghanistan,1971,7.45,2030
Afghanistan,1972,7.45,2030
Afghanistan,1973,7.45,2080
Afghanistan,1974,7.45,2150
Afghanistan,1975,7.45,2210
Afghanistan,1976,7.45,2040
Afghanistan,1977,7.45,2130
Afghanistan,1978,7.45,2030
Afghanistan,1979,7.45,2020
Afghanistan,1980,7.45,2260
Afghanistan,1981,7.45,2500
Afghanistan,1982,7.45,2650
Afghanistan,1983,7.46,2620
Afghanistan,1984,7.46,2550
Afghanistan,1985,7.46,2620
Afghanistan,1986,7.46,2360
Afghanistan,1987,7.46,2140
Afghanistan,1988,7.46,1940
Afghanistan,1989,7.47,1860
Afghanistan,1990,7.48,1650
Afghanistan,1991,7.5,1520
Afghanistan,1992,7.54,1010
Afghanistan,1993,7.57,721
Afghanistan,1994,7.61,1030
Afghanistan,1995,7.63,942
Afghanistan,1996,7.64,865
Afghanistan,1997,7.62,800
Afghanistan,1998,7.57,735
Afghanistan,1999,7.49,687
Afghanistan,2000,7.39,646
Afghanistan,2001,7.27,1020
Afghanistan,2002,7.14,1060
Afghanistan,2003,6.99,1030
Afghanistan,2004,6.83,1100
Afghanistan,2005,6.65,1120
Afghanistan,2006,6.46,1250
Afghanistan,2007,6.25,1270
Afghanistan,2008,6.04,1500
Afghanistan,2009,5.82,1670
Afghanistan,2010,5.6,1630
Afghanistan,2011,5.38,1770
Afghanistan,2012,5.17,1810
Afghanistan,2013,4.98,1800
Afghanistan,2014,4.8,1770
Afghanistan,2015,4.64,1760
Afghanistan,2016,4.48,1760
Afghanistan,2017,4.33,1740
Afghanistan,2018,4.18,1760
Afghanistan,2019,4.04,1800
Afghanistan,2020,3.9,1850
Afghanistan,2021,3.77,1900
Afghanistan,2022,3.65,1970
Afghanistan,2023,3.53,2050
Afghanistan,2024,3.43,2140
Afghanistan,2025,3.32,2220
Afghanistan,2026,3.23,2290
Afghanistan,2027,3.14,2360
Afghanistan,2028,3.06,2430
Afghanistan,2029,2.98,2490
Afghanistan,2030,2.91,2550
Afghanistan,2031,2.85,2600
Afghanistan,2032,2.79,2660
Afghanistan,2033,2.73,2710
Afghanistan,2034,2.68,2770
Afghanistan,2035,2.63,2820
Afghanistan,2036,2.58,2880
Afghanistan,2037,2.53,2940
Afghanistan,2038,2.49,3000
Afghanistan,2039,2.45,3060
Afghanistan,2040,2.41,0
Afghanistan,2041,2.37,0
Afghanistan,2042,2.34,0
Afghanistan,2043,2.3,0
Afghanistan,2044,2.27,0
Afghanistan,2045,2.24,0
Afghanistan,2046,2.21,0
Afghanistan,2047,2.18,0
Afghanistan,2048,2.15,0
Afghanistan,2049,2.13,0
Afghanistan,2050,2.1,0
Afghanistan,2051,2.08,0
Afghanistan,2052,2.05,0
Afghanistan,2053,2.03,0
Afghanistan,2054,2.01,0
Afghanistan,2055,1.99,0
Afghanistan,2056,1.97,0
Afghanistan,2057,1.95,0
Afghanistan,2058,1.94,0
Afghanistan,2059,1.92,0
Afghanistan,2060,1.91,0
Afghanistan,2061,1.89,0
Afghanistan,2062,1.88,0
Afghanistan,2063,1.87,0
Afghanistan,2064,1.85,0
Afghanistan,2065,1.84,0
Afghanistan,2066,1.83,0
Afghanistan,2067,1.82,0
Afghanistan,2068,1.81,0
Afghanistan,2069,1.81,0
Afghanistan,2070,1.8,0
Afghanistan,2071,1.79,0
Afghanistan,2072,1.79,0
Afghanistan,2073,1.78,0
Afghanistan,2074,1.77,0
Afghanistan,2075,1.77,0
Afghanistan,2076,1.76,0
Afghanistan,2077,1.76,0
Afghanistan,2078,1.76,0
Afghanistan,2079,1.75,0
Afghanistan,2080,1.75,0
Afghanistan,2081,1.75,0
Afghanistan,2082,1.75,0
Afghanistan,2083,1.75,0
Afghanistan,2084,1.75,0
Afghanistan,2085,1.74,0
Afghanistan,2086,1.74,0
Afghanistan,2087,1.74,0
Afghanistan,2088,1.74,0
Afghanistan,2089,1.74,0
Afghanistan,2090,1.74,0
Afghanistan,2091,1.74,0
Afghanistan,2092,1.74,0
Afghanistan,2093,1.74,0
Afghanistan,2094,1.74,0
Afghanistan,2095,1.74,0
Afghanistan,2096,1.74,0
Afghanistan,2097,1.74,0
Afghanistan,2098,1.74,0
Afghanistan,2099,1.74,0
Brazil,1900,5.82,1220
Brazil,1901,5.76,1190
Brazil,1902,5.78,1190
Brazil,1903,5.8,1190
Brazil,1904,5.81,1200
Brazil,1905,5.83,1290
Brazil,1906,5.85,1260
Brazil,1907,5.86,1230
Brazil,1908,5.88,1300
Brazil,1909,5.9,1280
Brazil,1910,5.9,1400
Brazil,1911,5.9,1350
Brazil,1912,5.9,1350
Brazil,1913,5.9,1300
Brazil,1914,5.9,1330
Brazil,1915,5.9,1340
Brazil,1916,5.9,1410
Brazil,1917,5.9,1350
Brazil,1918,5.9,1490
Brazil,1919,5.9,1610
Brazil,1920,5.9,1610
Brazil,1921,5.9,1680
Brazil,1922,5.9,1750
Brazil,1923,5.9,1710
Brazil,1924,5.9,1680
Brazil,1925,5.9,1680
Brazil,1926,5.9,1770
Brazil,1927,5.9,1930
Brazil,1928,5.9,1900
Brazil,1929,5.9,1750
Brazil,1930,5.9,1680
Brazil,1931,5.9,1700
Brazil,1932,5.9,1800
Brazil,1933,5.9,1910
Brazil,1934,5.9,1920
Brazil,1935,5.9,2060
Brazil,1936,5.9,2090
Brazil,1937,5.9,2130
Brazil,1938,5.9,2110
Brazil,1939,5.9,2090
Brazil,1940,5.92,2180
Brazil,1941,5.95,2050
Brazil,1942,5.98,2280
Brazil,1943,6.01,2310
Brazil,1944,6.04,2320
Brazil,1945,6.07,2510
Brazil,1946,6.09,2530
Brazil,1947,6.12,2720
Brazil,1948,6.15,2860
Brazil,1949,6.18,2900
Brazil,1950,6.17,2950
Brazil,1951,6.15,3080
Brazil,1952,6.14,3130
Brazil,1953,6.14,3280
Brazil,1954,6.14,3470
Brazil,1955,6.16,3460
Brazil,1956,6.18,3620
Brazil,1957,6.2,3890
Brazil,1958,6.21,4150
Brazil,1959,6.21,4400
Brazil,1960,6.19,4650
Brazil,1961,6.14,4810
Brazil,1962,6.06,4700
Brazil,1963,5.95,4720
Brazil,1964,5.82,4700
Brazil,1965,5.66,4870
Brazil,1966,5.49,4940
Brazil,1967,5.33,5270
Brazil,1968,5.17,5620
Brazil,1969,5.02,6040
Brazil,1970,4.9,6550
Brazil,1971,4.78,7150
Brazil,1972,4.68,7950
Brazil,1973,4.59,8380
Brazil,1974,4.5,8600
Brazil,1975,4.42,9260
Brazil,1976,4.34,9490
Brazil,1977,4.26,9720
Brazil,1978,4.17,10100
Brazil,1979,4.07,10800
Brazil,1980,3.97,10100
Brazil,1981,3.85,9960
Brazil,1982,3.72,9460
Brazil,1983,3.59,9770
Brazil,1984,3.45,10300
Brazil,1985,3.31,10900
Brazil,1986,3.17,11100
Brazil,1987,3.04,10800
Brazil,1988,2.92,11000
Brazil,1989,2.81,10300
Brazil,1990,2.72,10300
Brazil,1991,2.64,10100
Brazil,1992,2.58,10400
Brazil,1993,2.54,10800
Brazil,1994,2.5,11100
Brazil,1995,2.49,11100
Brazil,1996,2.46,11300
Brazil,1997,2.43,11200
Brazil,1998,2.37,11100
Brazil,1999,2.3,11400
Brazil,2000,2.23,11400
Brazil,2001,2.16,11600
Brazil,2002,2.1,11600
Brazil,2003,2.03,12100
Brazil,2004,1.98,12400
Brazil,2005,1.93,12700
Brazil,2006,1.88,13300
Brazil,2007,1.85,13900
Brazil,2008,1.82,13700
Brazil,2009,1.81,14600
Brazil,2010,1.79,15100
Brazil,2011,1.78,15200
Brazil,2012,1.77,15500
Brazil,2013,1.75,15500
Brazil,2014,1.74,14800
Brazil,2015,1.73,14200
Brazil,2016,1.71,14200
Brazil,2017,1.7,14300
Brazil,2018,1.69,14300
Brazil,2019,1.67,14500
Brazil,2020,1.66,14800
Brazil,2021,1.65,15000
Brazil,2022,1.65,15300
Brazil,2023,1.64,15500
Brazil,2024,1.63,15800
Brazil,2025,1.63,16100
Brazil,2026,1.62,16400
Brazil,2027,1.62,16700
Brazil,2028,1.61,17000
Brazil,2029,1.61,17300
Brazil,2030,1.61,17700
Brazil,2031,1.61,18000
Brazil,2032,1.61,18400
Brazil,2033,1.61,18800
Brazil,2034,1.61,19100
Brazil,2035,1.61,19500
Brazil,2036,1.61,19900
Brazil,2037,1.61,20300
Brazil,2038,1.61,20800
Brazil,2039,1.61,21200
Brazil,2040,1.62,0
Brazil,2041,1.62,0
Brazil,2042,1.62,0
Brazil,2043,1.62,0
Brazil,2044,1.63,0
Brazil,2045,1.63,0
Brazil,2046,1.63,0
Brazil,2047,1.64,0
Brazil,2048,1.64,0
Brazil,2049,1.64,0
Brazil,2050,1.65,0
Brazil,2051,1.65,0
Brazil,2052,1.65,0
Brazil,2053,1.66,0
Brazil,2054,1.66,0
Brazil,2055,1.66,0
Brazil,2056,1.67,0
Brazil,2057,1.67,0
Brazil,2058,1.67,0
Brazil,2059,1.68,0
Brazil,2060,1.68,0
Brazil,2061,1.68,0
Brazil,2062,1.69,0
Brazil,2063,1.69,0
Brazil,2064,1.69,0
Brazil,2065,1.69,0
Brazil,2066,1.7,0
Brazil,2067,1.7,0
Brazil,2068,1.7,0
Brazil,2069,1.71,0
Brazil,2070,1.71,0
Brazil,2071,1.71,0
Brazil,2072,1.72,0
Brazil,2073,1.72,0
Brazil,2074,1.72,0
Brazil,2075,1.72,0
Brazil,2076,1.73,0
Brazil,2077,1.73,0
Brazil,2078,1.73,0
Brazil,2079,1.73,0
Brazil,2080,1.74,0
Brazil,2081,1.74,0
Brazil,2082,1.74,0
Brazil,2083,1.74,0
Brazil,2084,1.74,0
Brazil,2085,1.75,0
Brazil,2086,1.75,0
Brazil,2087,1.75,0
Brazil,2088,1.75,0
Brazil,2089,1.75,0
Brazil,2090,1.76,0
Brazil,2091,1.76,0
Brazil,2092,1.76,0
Brazil,2093,1.76,0
Brazil,2094,1.76,0
Brazil,2095,1.77,0
Brazil,2096,1.77,0
Brazil,2097,1.77,0
Brazil,2098,1.77,0
Brazil,2099,1.77,0
China,1900,5.5,771
China,1901,5.5,766
China,1902,5.5,761
China,1903,5.5,756
China,1904,5.5,751
China,1905,5.5,746
China,1906,5.5,741
China,1907,5.5,736
China,1908,5.5,732
China,1909,5.5,727
China,1910,5.5,722
China,1911,5.5,753
China,1912,5.5,786
China,1913,5.5,787
China,1914,5.5,788
China,1915,5.5,789
China,1916,5.5,789
China,1917,5.5,790
China,1918,5.5,791
China,1919,5.5,792
China,1920,5.5,793
China,1921,5.5,794
China,1922,5.5,795
China,1923,5.5,796
China,1924,5.5,796
China,1925,5.5,797
China,1926,5.5,798
China,1927,5.5,799
China,1928,5.5,800
China,1929,5.5,807
China,1930,5.48,810
China,1931,5.45,829
China,1932,5.43,736
China,1933,5.4,747
China,1934,5.38,804
China,1935,5.35,850
China,1936,5.33,825
China,1937,5.3,800
China,1938,5.28,785
China,1939,5.25,770
China,1940,5.15,756
China,1941,5.06,741
China,1942,4.96,728
China,1943,4.86,714
China,1944,4.77,700
China,1945,5,687
China,1946,5.2,674
China,1947,4.91,662
China,1948,5.54,649
China,1949,5.29,637
China,1950,5.26,758
China,1951,5.97,835
China,1952,5.67,924
China,1953,5.96,836
China,1954,5.98,892
China,1955,5.61,949
China,1956,6.21,953
China,1957,5.5,935
China,1958,4.27,891
China,1959,3.99,843
China,1960,3.28,560
China,1961,5.97,569
China,1962,7.41,638
China,1963,6.12,715
China,1964,6.02,774
China,1965,6.21,829
China,1966,5.25,722
China,1967,6.37,671
China,1968,5.67,735
China,1969,5.75,851
China,1970,5.4,879
China,1971,4.92,846
China,1972,4.51,898
China,1973,4.15,892
China,1974,3.58,924
China,1975,3.25,896
China,1976,2.87,909
China,1977,2.74,1020
China,1978,2.8,1060
China,1979,2.32,1080
China,1980,2.67,1110
China,1981,2.58,1200
China,1982,2.58,1250
China,1983,2.62,1430
China,1984,2.66,1510
China,1985,2.68,1550
China,1986,2.65,1610
China,1987,2.59,1610
China,1988,2.49,1560
China,1989,2.35,1520
China,1990,2.19,1640
China,1991,2.02,1850
China,1992,1.87,2080
China,1993,1.74,2330
China,1994,1.64,2560
China,1995,1.57,2780
China,1996,1.53,3010
China,1997,1.5,3210
China,1998,1.49,3430
China,1999,1.5,3690
China,2000,1.51,3970
China,2001,1.52,4300
China,2002,1.54,4710
China,2003,1.55,5150
China,2004,1.57,5700
China,2005,1.57,6390
China,2006,1.58,7260
China,2007,1.58,7930
China,2008,1.59,8630
China,2009,1.59,9500
China,2010,1.59,10400
China,2011,1.6,11100
China,2012,1.6,11900
China,2013,1.61,12700
China,2014,1.62,13500
China,2015,1.62,14400
China,2016,1.63,15300
China,2017,1.64,16200
China,2018,1.64,17100
China,2019,1.65,18100
China,2020,1.66,19100
China,2021,1.66,20100
China,2022,1.67,21200
China,2023,1.67,22300
China,2024,1.68,23500
China,2025,1.68,24600
China,2026,1.69,25700
China,2027,1.69,26600
China,2028,1.69,27500
China,2029,1.7,28200
China,2030,1.7,28900
China,2031,1.7,29600
China,2032,1.71,30200
China,2033,1.71,30900
China,2034,1.71,31500
China,2035,1.72,32100
China,2036,1.72,32800
China,2037,1.72,33400
China,2038,1.73,34100
China,2039,1.73,34800
China,2040,1.73,0
China,2041,1.74,0
China,2042,1.74,0
China,2043,1.74,0
China,2044,1.74,0
China,2045,1.75,0
China,2046,1.75,0
China,2047,1.75,0
China,2048,1.75,0
China,2049,1.75,0
China,2050,1.76,0
China,2051,1.76,0
China,2052,1.76,0
China,2053,1.76,0
China,2054,1.76,0
China,2055,1.76,0
China,2056,1.77,0
China,2057,1.77,0
China,2058,1.77,0
China,2059,1.77,0
China,2060,1.77,0
China,2061,1.77,0
China,2062,1.77,0
China,2063,1.78,0
China,2064,1.78,0
China,2065,1.78,0
China,2066,1.78,0
China,2067,1.78,0
China,2068,1.78,0
China,2069,1.78,0
China,2070,1.79,0
China,2071,1.79,0
China,2072,1.79,0
China,2073,1.79,0
China,2074,1.79,0
China,2075,1.79,0
China,2076,1.79,0
China,2077,1.79,0
China,2078,1.79,0
China,2079,1.79,0
China,2080,1.79,0
China,2081,1.79,0
China,2082,1.79,0
China,2083,1.79,0
China,2084,1.8,0
China,2085,1.8,0
China,2086,1.8,0
China,2087,1.8,0
China,2088,1.8,0
China,2089,1.8,0
China,2090,1.8,0
China,2091,1.8,0
China,2092,1.8,0
China,2093,1.8,0
China,2094,1.8,0
China,2095,1.8,0
China,2096,1.8,0
China,2097,1.8,0
China,2098,1.8,0
China,2099,1.8,0
Indonesia,1900,6.04,1240
Indonesia,1901,6.04,1200
Indonesia,1902,6.03,1250
Indonesia,1903,5.99,1250
Indonesia,1904,5.95,1260
Indonesia,1905,6.06,1280
Indonesia,1906,6.26,1290
Indonesia,1907,6.23,1280
Indonesia,1908,6.2,1330
Indonesia,1909,6.17,1390
Indonesia,1910,6.14,1440
Indonesia,1911,6.11,1450
Indonesia,1912,6.08,1500
Indonesia,1913,5.84,1480
Indonesia,1914,5.72,1480
Indonesia,1915,5.59,1480
Indonesia,1916,5.46,1470
Indonesia,1917,5.34,1500
Indonesia,1918,5.21,1620
Indonesia,1919,5.48,1550
Indonesia,1920,5.48,1540
Indonesia,1921,5.47,1560
Indonesia,1922,5.47,1570
Indonesia,1923,5.46,1640
Indonesia,1924,5.46,1650
Indonesia,1925,5.45,1730
Indonesia,1926,5.45,1810
Indonesia,1927,5.44,1860
Indonesia,1928,5.44,1880
Indonesia,1929,5.44,1880
Indonesia,1930,5.43,1730
Indonesia,1931,5.43,1630
Indonesia,1932,5.42,1620
Indonesia,1933,5.42,1610
Indonesia,1934,5.41,1630
Indonesia,1935,5.41,1700
Indonesia,1936,5.4,1870
Indonesia,1937,5.4,1920
Indonesia,1938,5.4,1920
Indonesia,1939,5.39,2060
Indonesia,1940,5.39,2060
Indonesia,1941,5.38,1510
Indonesia,1942,5.38,1340
Indonesia,1943,5.37,1070
Indonesia,1944,5.37,947
Indonesia,1945,5.36,978
Indonesia,1946,5.36,1080
Indonesia,1947,5.35,1260
Indonesia,1948,5.35,1350
Indonesia,1949,5.35,1430
Indonesia,1950,5.39,1510
Indonesia,1951,5.46,1540
Indonesia,1952,5.53,1600
Indonesia,1953,5.58,1670
Indonesia,1954,5.62,1690
Indonesia,1955,5.65,1690
Indonesia,1956,5.67,1780
Indonesia,1957,5.67,1690
Indonesia,1958,5.67,1730
Indonesia,1959,5.67,1780
Indonesia,1960,5.66,1860
Indonesia,1961,5.65,1830
Indonesia,1962,5.63,1720
Indonesia,1963,5.62,1750
Indonesia,1964,5.61,1740
Indonesia,1965,5.6,1710
Indonesia,1966,5.58,1640
Indonesia,1967,5.56,1760
Indonesia,1968,5.52,1940
Indonesia,1969,5.47,2110
Indonesia,1970,5.41,2180
Indonesia,1971,5.34,2380
Indonesia,1972,5.25,2670
Indonesia,1973,5.15,2750
Indonesia,1974,5.04,2690
Indonesia,1975,4.93,2870
Indonesia,1976,4.81,3020
Indonesia,1977,4.68,3090
Indonesia,1978,4.56,3190
Indonesia,1979,4.43,3390
Indonesia,1980,4.3,3550
Indonesia,1981,4.17,3350
Indonesia,1982,4.03,3420
Indonesia,1983,3.89,3580
Indonesia,1984,3.75,3600
Indonesia,1985,3.61,3750
Indonesia,1986,3.47,3870
Indonesia,1987,3.35,4030
Indonesia,1988,3.23,4320
Indonesia,1989,3.12,4630
Indonesia,1990,3.02,4860
Indonesia,1991,2.93,5090
Indonesia,1992,2.84,5330
Indonesia,1993,2.76,5640
Indonesia,1994,2.69,6010
Indonesia,1995,2.63,6390
Indonesia,1996,2.58,6590
Indonesia,1997,2.54,5650
Indonesia,1998,2.52,5610
Indonesia,1999,2.51,5810
Indonesia,2000,2.51,5940
Indonesia,2001,2.51,6120
Indonesia,2002,2.51,6330
Indonesia,2003,2.52,6560
Indonesia,2004,2.51,6840
Indonesia,2005,2.51,7120
Indonesia,2006,2.51,7470
Indonesia,2007,2.5,7820
Indonesia,2008,2.49,8070
Indonesia,2009,2.48,8460
Indonesia,2010,2.47,8860
Indonesia,2011,2.46,9270
Indonesia,2012,2.44,9650
Indonesia,2013,2.41,10000
Indonesia,2014,2.39,10400
Indonesia,2015,2.36,10700
Indonesia,2016,2.34,11200
Indonesia,2017,2.31,11600
Indonesia,2018,2.29,12100
Indonesia,2019,2.26,12500
Indonesia,2020,2.24,13100
Indonesia,2021,2.22,13600
Indonesia,2022,2.2,14200
Indonesia,2023,2.18,14800
Indonesia,2024,2.16,15400
Indonesia,2025,2.14,15900
Indonesia,2026,2.12,16500
Indonesia,2027,2.11,17000
Indonesia,2028,2.09,17500
Indonesia,2029,2.08,17900
Indonesia,2030,2.06,18300
Indonesia,2031,2.05,18700
Indonesia,2032,2.04,19100
Indonesia,2033,2.02,19500
Indonesia,2034,2.01,19900
Indonesia,2035,2,20300
Indonesia,2036,1.99,20700
Indonesia,2037,1.98,21200
Indonesia,2038,1.97,21600
Indonesia,2039,1.96,22000
Indonesia,2040,1.95,0
Indonesia,2041,1.94,0
Indonesia,2042,1.93,0
Indonesia,2043,1.92,0
Indonesia,2044,1.91,0
Indonesia,2045,1.91,0
Indonesia,2046,1.9,0
Indonesia,2047,1.89,0
Indonesia,2048,1.89,0
Indonesia,2049,1.88,0
Indonesia,2050,1.88,0
Indonesia,2051,1.87,0
Indonesia,2052,1.87,0
Indonesia,2053,1.86,0
Indonesia,2054,1.86,0
Indonesia,2055,1.85,0
Indonesia,2056,1.85,0
Indonesia,2057,1.85,0
Indonesia,2058,1.84,0
Indonesia,2059,1.84,0
Indonesia,2060,1.84,0
Indonesia,2061,1.84,0
Indonesia,2062,1.83,0
Indonesia,2063,1.83,0
Indonesia,2064,1.83,0
Indonesia,2065,1.83,0
Indonesia,2066,1.83,0
Indonesia,2067,1.83,0
Indonesia,2068,1.83,0
Indonesia,2069,1.82,0
Indonesia,2070,1.82,0
Indonesia,2071,1.82,0
Indonesia,2072,1.82,0
Indonesia,2073,1.82,0
Indonesia,2074,1.82,0
Indonesia,2075,1.82,0
Indonesia,2076,1.82,0
Indonesia,2077,1.82,0
Indonesia,2078,1.82,0
Indonesia,2079,1.82,0
Indonesia,2080,1.82,0
Indonesia,2081,1.82,0
Indonesia,2082,1.82,0
Indonesia,2083,1.82,0
Indonesia,2084,1.82,0
Indonesia,2085,1.82,0
Indonesia,2086,1.82,0
Indonesia,2087,1.82,0
Indonesia,2088,1.82,0
Indonesia,2089,1.82,0
Indonesia,2090,1.82,0
Indonesia,2091,1.82,0
Indonesia,2092,1.82,0
Indonesia,2093,1.82,0
Indonesia,2094,1.82,0
Indonesia,2095,1.82,0
Indonesia,2096,1.82,0
Indonesia,2097,1.82,0
Indonesia,2098,1.82,0
Indonesia,2099,1.82,0
India,1900,5.73,809
India,1901,5.72,871
India,1902,5.72,878
India,1903,5.72,877
India,1904,5.72,856
India,1905,5.72,875
India,1906,5.72,817
India,1907,5.72,824
India,1908,5.71,931
India,1909,5.71,927
India,1910,5.71,919
India,1911,5.71,917
India,1912,5.71,895
India,1913,5.7,943
India,1914,5.7,919
India,1915,5.7,945
India,1916,5.71,927
India,1917,5.72,808
India,1918,5.73,919
India,1919,5.74,845
India,1920,5.76,904
India,1921,5.77,933
India,1922,5.78,893
India,1923,5.79,928
India,1924,5.8,929
India,1925,5.81,949
India,1926,5.82,940
India,1927,5.83,940
India,1928,5.85,969
India,1929,5.86,966
India,1930,5.87,946
India,1931,5.88,944
India,1932,5.89,931
India,1933,5.91,927
India,1934,5.92,906
India,1935,5.93,928
India,1936,5.93,900
India,1937,5.93,890
India,1938,5.93,897
India,1939,5.92,913
India,1940,5.92,919
India,1941,5.92,904
India,1942,5.92,929
India,1943,5.92,909
India,1944,5.92,884
India,1945,5.92,828
India,1946,5.91,822
India,1947,5.91,821
India,1948,5.9,831
India,1949,5.9,824
India,1950,5.9,829
India,1951,5.9,838
India,1952,5.9,874
India,1953,5.9,894
India,1954,5.9,899
India,1955,5.9,933
India,1956,5.9,904
India,1957,5.9,952
India,1958,5.9,954
India,1959,5.91,1000
India,1960,5.9,1010
India,1961,5.89,1020
India,1962,5.88,1050
India,1963,5.86,1110
India,1964,5.83,1040
India,1965,5.79,1030
India,1966,5.75,1100
India,1967,5.7,1100
India,1968,5.65,1160
India,1969,5.59,1190
India,1970,5.52,1180
India,1971,5.44,1150
India,1972,5.36,1180
India,1973,5.28,1170
India,1974,5.19,1250
India,1975,5.11,1240
India,1976,5.03,1310
India,1977,4.96,1360
India,1978,4.89,1260
India,1979,4.83,1330
India,1980,4.77,1390
India,1981,4.7,1400
India,1982,4.64,1490
India,1983,4.56,1520
India,1984,4.48,1550
India,1985,4.4,1590
India,1986,4.31,1620
India,1987,4.22,1760
India,1988,4.13,1840
India,1989,4.05,1910
India,1990,3.96,1890
India,1991,3.88,1950
India,1992,3.8,2000
India,1993,3.72,2100
India,1994,3.65,2210
India,1995,3.58,2330
India,1996,3.51,2380
India,1997,3.45,2490
India,1998,3.38,2660
India,1999,3.31,2710
India,2000,3.24,2790
India,2001,3.18,2850
India,2002,3.11,3020
India,2003,3.04,3210
India,2004,2.97,3410
India,2005,2.9,3630
India,2006,2.82,3850
India,2007,2.75,3910
India,2008,2.67,4160
India,2009,2.6,4450
India,2010,2.53,4630
India,2011,2.48,4820
India,2012,2.43,5070
India,2013,2.38,5380
India,2014,2.35,5740
India,2015,2.33,6150
India,2016,2.3,6520
India,2017,2.28,6900
India,2018,2.26,7230
India,2019,2.24,7630
India,2020,2.22,8100
India,2021,2.2,8590
India,2022,2.18,9100
India,2023,2.16,9650
India,2024,2.14,10200
India,2025,2.12,10700
India,2026,2.11,11200
India,2027,2.09,11700
India,2028,2.07,12100
India,2029,2.06,12400
India,2030,2.04,12800
India,2031,2.03,13100
India,2032,2.01,13300
India,2033,2,13600
India,2034,1.99,13900
India,2035,1.97,14200
India,2036,1.96,14500
India,2037,1.95,14800
India,2038,1.94,15100
India,2039,1.93,15400
India,2040,1.92,0
India,2041,1.91,0
India,2042,1.9,0
India,2043,1.89,0
India,2044,1.88,0
India,2045,1.87,0
India,2046,1.86,0
India,2047,1.86,0
India,2048,1.85,0
India,2049,1.84,0
India,2050,1.84,0
India,2051,1.83,0
India,2052,1.83,0
India,2053,1.82,0
India,2054,1.82,0
India,2055,1.81,0
India,2056,1.81,0
India,2057,1.8,0
India,2058,1.8,0
India,2059,1.8,0
India,2060,1.79,0
India,2061,1.79,0
India,2062,1.79,0
India,2063,1.79,0
India,2064,1.78,0
India,2065,1.78,0
India,2066,1.78,0
India,2067,1.78,0
India,2068,1.78,0
India,2069,1.78,0
India,2070,1.77,0
India,2071,1.77,0
India,2072,1.77,0
India,2073,1.77,0
India,2074,1.77,0
India,2075,1.77,0
India,2076,1.77,0
India,2077,1.77,0
India,2078,1.77,0
India,2079,1.77,0
India,2080,1.77,0
India,2081,1.77,0
India,2082,1.77,0
India,2083,1.77,0
India,2084,1.77,0
India,2085,1.77,0
India,2086,1.77,0
India,2087,1.77,0
India,2088,1.77,0
India,2089,1.77,0
India,2090,1.77,0
India,2091,1.77,0
India,2092,1.77,0
India,2093,1.77,0
India,2094,1.77,0
India,2095,1.77,0
India,2096,1.78,0
India,2097,1.78,0
India,2098,1.78,0
India,2099,1.78,0
Ireland,1900,2.92,4900
Ireland,1901,3.08,4950
Ireland,1902,3.09,5000
Ireland,1903,3.16,5050
Ireland,1904,3.13,5110
Ireland,1905,3.15,5160
Ireland,1906,3.11,5210
Ireland,1907,3.12,5260
Ireland,1908,3.14,5320
Ireland,1909,3.12,5370
Ireland,1910,3.07,5420
Ireland,1911,3.1,5480
Ireland,1912,3.09,5530
Ireland,1913,3.05,5480
Ireland,1914,2.99,5430
Ireland,1915,2.87,5380
Ireland,1916,2.71,5320
Ireland,1917,2.73,5270
Ireland,1918,2.75,5220
Ireland,1919,3.2,5170
Ireland,1920,2.79,5120
Ireland,1921,2.61,5260
Ireland,1922,2.74,5210
Ireland,1923,2.83,5200
Ireland,1924,2.79,5200
Ireland,1925,2.76,5200
Ireland,1926,2.72,5370
Ireland,1927,2.69,5540
Ireland,1928,2.66,5710
Ireland,1929,2.67,5860
Ireland,1930,2.61,6010
Ireland,1931,2.56,5830
Ireland,1932,2.6,5660
Ireland,1933,2.61,5830
Ireland,1934,2.63,6000
Ireland,1935,2.92,6170
Ireland,1936,2.57,5980
Ireland,1937,2.6,6170
Ireland,1938,2.56,6170
Ireland,1939,2.56,6170
Ireland,1940,2.9,6170
Ireland,1941,2.99,6170
Ireland,1942,2.93,6170
Ireland,1943,2.98,6170
Ireland,1944,3.04,6110
Ireland,1945,3.33,6170
Ireland,1946,3.46,6250
Ireland,1947,3.58,6530
Ireland,1948,3.53,6880
Ireland,1949,3.48,6980
Ireland,1950,3.45,7170
Ireland,1951,3.41,7370
Ireland,1952,3.39,7580
Ireland,1953,3.4,7670
Ireland,1954,3.44,7930
Ireland,1955,3.5,7880
Ireland,1956,3.57,7920
Ireland,1957,3.67,7830
Ireland,1958,3.76,8170
Ireland,1959,3.86,8660
Ireland,1960,3.93,9090
Ireland,1961,3.98,9320
Ireland,1962,4,9660
Ireland,1963,3.99,9960
Ireland,1964,3.95,10100
Ireland,1965,3.9,10100
Ireland,1966,3.86,10600
Ireland,1967,3.83,11400
Ireland,1968,3.82,12000
Ireland,1969,3.81,12100
Ireland,1970,3.81,12400
Ireland,1971,3.79,13000
Ireland,1972,3.74,13300
Ireland,1973,3.67,13600
Ireland,1974,3.57,14100
Ireland,1975,3.46,14000
Ireland,1976,3.34,14900
Ireland,1977,3.22,15700
Ireland,1978,3.11,15900
Ireland,1979,3,16200
Ireland,1980,2.9,16500
Ireland,1981,2.79,16600
Ireland,1982,2.68,16400
Ireland,1983,2.56,16900
Ireland,1984,2.45,17400
Ireland,1985,2.34,17200
Ireland,1986,2.23,18000
Ireland,1987,2.14,18900
Ireland,1988,2.06,20000
Ireland,1989,2,21700
Ireland,1990,1.95,21900
Ireland,1991,1.92,22500
Ireland,1992,1.9,23000
Ireland,1993,1.9,24300
Ireland,1994,1.9,26400
Ireland,1995,1.91,28300
Ireland,1996,1.92,31000
Ireland,1997,1.93,33400
Ireland,1998,1.94,36500
Ireland,1999,1.95,39400
Ireland,2000,1.96,40800
Ireland,2001,1.96,42500
Ireland,2002,1.97,43100
Ireland,2003,1.98,45100
Ireland,2004,1.98,46600
Ireland,2005,1.99,47600
Ireland,2006,1.99,48700
Ireland,2007,2,45700
Ireland,2008,2,42900
Ireland,2009,2,43500
Ireland,2010,2,44900
Ireland,2011,2,44800
Ireland,2012,2,45200
Ireland,2013,1.99,48800
Ireland,2014,1.99,60500
Ireland,2015,1.99,62800
Ireland,2016,1.98,66600
Ireland,2017,1.98,70400
Ireland,2018,1.98,72400
Ireland,2019,1.97,74100
Ireland,2020,1.97,75700
Ireland,2021,1.97,77100
Ireland,2022,1.97,78500
Ireland,2023,1.96,79800
Ireland,2024,1.96,81200
Ireland,2025,1.96,82700
Ireland,2026,1.96,84200
Ireland,2027,1.96,85700
Ireland,2028,1.95,87400
Ireland,2029,1.95,89100
Ireland,2030,1.95,90900
Ireland,2031,1.95,92700
Ireland,2032,1.95,94600
Ireland,2033,1.95,96500
Ireland,2034,1.95,98400
Ireland,2035,1.94,100000
Ireland,2036,1.94,102000
Ireland,2037,1.94,105000
Ireland,2038,1.94,107000
Ireland,2039,1.94,109000
Ireland,2040,1.94,0
Ireland,2041,1.94,0
Ireland,2042,1.94,0
Ireland,2043,1.94,0
Ireland,2044,1.94,0
Ireland,2045,1.93,0
Ireland,2046,1.93,0
Ireland,2047,1.93,0
Ireland,2048,1.93,0
Ireland,2049,1.93,0
Ireland,2050,1.93,0
Ireland,2051,1.93,0
Ireland,2052,1.93,0
Ireland,2053,1.93,0
Ireland,2054,1.93,0
Ireland,2055,1.93,0
Ireland,2056,1.93,0
Ireland,2057,1.93,0
Ireland,2058,1.93,0
Ireland,2059,1.93,0
Ireland,2060,1.93,0
Ireland,2061,1.93,0
Ireland,2062,1.93,0
Ireland,2063,1.92,0
Ireland,2064,1.92,0
Ireland,2065,1.92,0
Ireland,2066,1.92,0
Ireland,2067,1.92,0
Ireland,2068,1.92,0
Ireland,2069,1.92,0
Ireland,2070,1.92,0
Ireland,2071,1.92,0
Ireland,2072,1.92,0
Ireland,2073,1.92,0
Ireland,2074,1.92,0
Ireland,2075,1.92,0
Ireland,2076,1.92,0
Ireland,2077,1.92,0
Ireland,2078,1.92,0
Ireland,2079,1.92,0
Ireland,2080,1.92,0
Ireland,2081,1.92,0
Ireland,2082,1.92,0
Ireland,2083,1.92,0
Ireland,2084,1.92,0
Ireland,2085,1.92,0
Ireland,2086,1.92,0
Ireland,2087,1.92,0
Ireland,2088,1.92,0
Ireland,2089,1.92,0
Ireland,2090,1.92,0
Ireland,2091,1.92,0
Ireland,2092,1.92,0
Ireland,2093,1.92,0
Ireland,2094,1.92,0
Ireland,2095,1.92,0
Ireland,2096,1.92,0
Ireland,2097,1.91,0
Ireland,2098,1.91,0
Ireland,2099,1.91,0
Iran,1900,7.08,2060
Iran,1901,7.08,2070
Iran,1902,7.08,2080
Iran,1903,7.08,2100
Iran,1904,7.08,2110
Iran,1905,7.08,2130
Iran,1906,7.08,2140
Iran,1907,7.08,2150
Iran,1908,7.08,2170
Iran,1909,7.08,2180
Iran,1910,7.08,2200
Iran,1911,7.08,2210
Iran,1912,7.08,2230
Iran,1913,7.08,2270
Iran,1914,7.08,2320
Iran,1915,7.08,2370
Iran,1916,7.08,2420
Iran,1917,7.08,2470
Iran,1918,7.08,2520
Iran,1919,7.08,2570
Iran,1920,7.08,2630
Iran,1921,7.08,2680
Iran,1922,7.08,2740
Iran,1923,7.08,2800
Iran,1924,7.08,2860
Iran,1925,7.07,2910
Iran,1926,7.07,2980
Iran,1927,7.06,3040
Iran,1928,7.05,3100
Iran,1929,7.05,3170
Iran,1930,7.04,3230
Iran,1931,7.03,3300
Iran,1932,7.03,3370
Iran,1933,7.02,3440
Iran,1934,7.01,3510
Iran,1935,7.01,3580
Iran,1936,7,3660
Iran,1937,6.99,3740
Iran,1938,6.99,3810
Iran,1939,6.98,3890
Iran,1940,6.97,3980
Iran,1941,6.97,4060
Iran,1942,6.96,4140
Iran,1943,6.95,4230
Iran,1944,6.95,4320
Iran,1945,6.94,4410
Iran,1946,6.93,4500
Iran,1947,6.93,4590
Iran,1948,6.92,4690
Iran,1949,6.92,4790
Iran,1950,6.91,4660
Iran,1951,6.91,4540
Iran,1952,6.91,4420
Iran,1953,6.91,4300
Iran,1954,6.91,9690
Iran,1955,6.91,10600
Iran,1956,6.92,12400
Iran,1957,6.92,13700
Iran,1958,6.93,14900
Iran,1959,6.93,15900
Iran,1960,6.92,16700
Iran,1961,6.91,17300
Iran,1962,6.9,17900
Iran,1963,6.87,18700
Iran,1964,6.83,20700
Iran,1965,6.77,22300
Iran,1966,6.7,24100
Iran,1967,6.62,26300
Iran,1968,6.53,28900
Iran,1969,6.44,17100
Iran,1970,6.36,18900
Iran,1971,6.29,21100
Iran,1972,6.24,22100
Iran,1973,6.21,22700
Iran,1974,6.21,22000
Iran,1975,6.24,25200
Iran,1976,6.29,23800
Iran,1977,6.35,20000
Iran,1978,6.42,17000
Iran,1979,6.48,12900
Iran,1980,6.52,11700
Iran,1981,6.52,13500
Iran,1982,6.47,14300
Iran,1983,6.37,13500
Iran,1984,6.22,13500
Iran,1985,6.01,11900
Iran,1986,5.76,11400
Iran,1987,5.47,10500
Iran,1988,5.15,10700
Iran,1989,4.82,11400
Iran,1990,4.48,12500
Iran,1991,4.14,12600
Iran,1992,3.81,12500
Iran,1993,3.5,12200
Iran,1994,3.22,12300
Iran,1995,2.96,12700
Iran,1996,2.73,12600
Iran,1997,2.53,12700
Iran,1998,2.36,12700
Iran,1999,2.21,13200
Iran,2000,2.09,13200
Iran,2001,2,14000
Iran,2002,1.93,15000
Iran,2003,1.87,15500
Iran,2004,1.83,15800
Iran,2005,1.81,16400
Iran,2006,1.79,17500
Iran,2007,1.78,17400
Iran,2008,1.77,17300
Iran,2009,1.77,18100
Iran,2010,1.76,18400
Iran,2011,1.74,16800
Iran,2012,1.73,16600
Iran,2013,1.71,17100
Iran,2014,1.69,16700
Iran,2015,1.66,18700
Iran,2016,1.64,19100
Iran,2017,1.61,18000
Iran,2018,1.59,16100
Iran,2019,1.57,15900
Iran,2020,1.55,15900
Iran,2021,1.54,15900
Iran,2022,1.52,15900
Iran,2023,1.51,15900
Iran,2024,1.51,16000
Iran,2025,1.5,16000
Iran,2026,1.5,16200
Iran,2027,1.5,16300
Iran,2028,1.5,16500
Iran,2029,1.5,16800
Iran,2030,1.51,17100
Iran,2031,1.51,17400
Iran,2032,1.52,17800
Iran,2033,1.53,18100
Iran,2034,1.54,18500
Iran,2035,1.54,18900
Iran,2036,1.55,19300
Iran,2037,1.56,19600
Iran,2038,1.57,20000
Iran,2039,1.57,20400
Iran,2040,1.58,0
Iran,2041,1.59,0
Iran,2042,1.59,0
Iran,2043,1.6,0
Iran,2044,1.61,0
Iran,2045,1.61,0
Iran,2046,1.62,0
Iran,2047,1.62,0
Iran,2048,1.63,0
Iran,2049,1.63,0
Iran,2050,1.64,0
Iran,2051,1.64,0
Iran,2052,1.65,0
Iran,2053,1.65,0
Iran,2054,1.66,0
Iran,2055,1.66,0
Iran,2056,1.67,0
Iran,2057,1.67,0
Iran,2058,1.68,0
Iran,2059,1.68,0
Iran,2060,1.69,0
Iran,2061,1.69,0
Iran,2062,1.69,0
Iran,2063,1.7,0
Iran,2064,1.7,0
Iran,2065,1.7,0
Iran,2066,1.71,0
Iran,2067,1.71,0
Iran,2068,1.72,0
Iran,2069,1.72,0
Iran,2070,1.72,0
Iran,2071,1.72,0
Iran,2072,1.73,0
Iran,2073,1.73,0
Iran,2074,1.73,0
Iran,2075,1.74,0
Iran,2076,1.74,0
Iran,2077,1.74,0
Iran,2078,1.74,0
Iran,2079,1.75,0
Iran,2080,1.75,0
Iran,2081,1.75,0
Iran,2082,1.75,0
Iran,2083,1.76,0
Iran,2084,1.76,0
Iran,2085,1.76,0
Iran,2086,1.76,0
Iran,2087,1.76,0
Iran,2088,1.77,0
Iran,2089,1.77,0
Iran,2090,1.77,0
Iran,2091,1.77,0
Iran,2092,1.77,0
Iran,2093,1.77,0
Iran,2094,1.77,0
Iran,2095,1.78,0
Iran,2096,1.78,0
Iran,2097,1.78,0
Iran,2098,1.78,0
Iran,2099,1.78,0
Iraq,1900,7.13,5160
Iraq,1901,7.13,5200
Iraq,1902,7.13,5230
Iraq,1903,7.13,5270
Iraq,1904,7.13,5300
Iraq,1905,7.13,5340
Iraq,1906,7.13,5380
Iraq,1907,7.13,5410
Iraq,1908,7.13,5450
Iraq,1909,7.13,5490
Iraq,1910,7.13,5520
Iraq,1911,7.13,5560
Iraq,1912,7.13,5600
Iraq,1913,7.13,5680
Iraq,1914,7.13,5760
Iraq,1915,7.13,5840
Iraq,1916,7.13,5930
Iraq,1917,7.13,6010
Iraq,1918,7.13,6100
Iraq,1919,7.13,6190
Iraq,1920,7.13,6280
Iraq,1921,7.13,6370
Iraq,1922,7.13,6460
Iraq,1923,7.13,6560
Iraq,1924,7.13,6650
Iraq,1925,7.17,6750
Iraq,1926,7.21,6850
Iraq,1927,7.25,6950
Iraq,1928,7.29,7050
Iraq,1929,7.33,7150
Iraq,1930,7.37,7260
Iraq,1931,7.41,7360
Iraq,1932,7.45,7470
Iraq,1933,7.48,7580
Iraq,1934,7.52,7690
Iraq,1935,7.56,7800
Iraq,1936,7.6,7910
Iraq,1937,7.64,8030
Iraq,1938,7.68,8140
Iraq,1939,7.72,8260
Iraq,1940,7.76,8380
Iraq,1941,7.8,8500
Iraq,1942,7.84,8630
Iraq,1943,7.88,8750
Iraq,1944,7.91,8880
Iraq,1945,7.95,9010
Iraq,1946,7.99,9140
Iraq,1947,8.03,9270
Iraq,1948,8.07,9410
Iraq,1949,8.11,9540
Iraq,1950,7.88,1000
Iraq,1951,7.44,1000
Iraq,1952,7.07,1000
Iraq,1953,6.76,1000
Iraq,1954,6.52,1000
Iraq,1955,6.34,16700
Iraq,1956,6.23,16100
Iraq,1957,6.18,17400
Iraq,1958,6.19,17600
Iraq,1959,6.25,19100
Iraq,1960,6.36,20500
Iraq,1961,6.51,20600
Iraq,1962,6.69,19400
Iraq,1963,6.87,20800
Iraq,1964,7.04,21700
Iraq,1965,7.19,21900
Iraq,1966,7.3,20400
Iraq,1967,7.36,23000
Iraq,1968,7.38,22700
Iraq,1969,7.36,21600
Iraq,1970,7.31,21900
Iraq,1971,7.23,20200
Iraq,1972,7.15,22500
Iraq,1973,7.07,22700
Iraq,1974,6.99,25200
Iraq,1975,6.92,29000
Iraq,1976,6.83,28400
Iraq,1977,6.75,32000
Iraq,1978,6.66,37400
Iraq,1979,6.57,34900
Iraq,1980,6.49,27200
Iraq,1981,6.41,25700
Iraq,1982,6.34,22300
Iraq,1983,6.28,21300
Iraq,1984,6.22,20000
Iraq,1985,6.16,18800
Iraq,1986,6.11,18700
Iraq,1987,6.04,14100
Iraq,1988,5.97,12300
Iraq,1989,5.88,11600
Iraq,1990,5.79,4050
Iraq,1991,5.7,5210
Iraq,1992,5.61,6600
Iraq,1993,5.52,6650
Iraq,1994,5.42,6580
Iraq,1995,5.33,7080
Iraq,1996,5.22,8320
Iraq,1997,5.11,10900
Iraq,1998,5,12400
Iraq,1999,4.89,12200
Iraq,2000,4.8,12100
Iraq,2001,4.71,11000
Iraq,2002,4.64,7130
Iraq,2003,4.59,10700
Iraq,2004,4.56,10900
Iraq,2005,4.55,11800
Iraq,2006,4.55,11800
Iraq,2007,4.55,12500
Iraq,2008,4.56,12700
Iraq,2009,4.56,13200
Iraq,2010,4.56,13700
Iraq,2011,4.54,15000
Iraq,2012,4.52,15600
Iraq,2013,4.48,15100
Iraq,2014,4.43,15000
Iraq,2015,4.37,16500
Iraq,2016,4.31,15800
Iraq,2017,4.25,15600
Iraq,2018,4.19,15700
Iraq,2019,4.14,16000
Iraq,2020,4.09,16200
Iraq,2021,4.04,16100
Iraq,2022,3.99,16100
Iraq,2023,3.94,16000
Iraq,2024,3.9,15900
Iraq,2025,3.85,15900
Iraq,2026,3.81,16000
Iraq,2027,3.76,16100
Iraq,2028,3.72,16200
Iraq,2029,3.68,16500
Iraq,2030,3.64,16800
Iraq,2031,3.6,17100
Iraq,2032,3.56,17400
Iraq,2033,3.53,17800
Iraq,2034,3.49,18100
Iraq,2035,3.45,18500
Iraq,2036,3.42,18900
Iraq,2037,3.39,19200
Iraq,2038,3.36,19600
Iraq,2039,3.32,20000
Iraq,2040,3.29,0
Iraq,2041,3.26,0
Iraq,2042,3.23,0
Iraq,2043,3.21,0
Iraq,2044,3.18,0
Iraq,2045,3.15,0
Iraq,2046,3.12,0
Iraq,2047,3.1,0
Iraq,2048,3.07,0
Iraq,2049,3.05,0
Iraq,2050,3.02,0
Iraq,2051,3,0
Iraq,2052,2.97,0
Iraq,2053,2.95,0
Iraq,2054,2.93,0
Iraq,2055,2.9,0
Iraq,2056,2.88,0
Iraq,2057,2.86,0
Iraq,2058,2.84,0
Iraq,2059,2.82,0
Iraq,2060,2.8,0
Iraq,2061,2.78,0
Iraq,2062,2.76,0
Iraq,2063,2.74,0
Iraq,2064,2.72,0
Iraq,2065,2.7,0
Iraq,2066,2.68,0
Iraq,2067,2.66,0
Iraq,2068,2.64,0
Iraq,2069,2.62,0
Iraq,2070,2.61,0
Iraq,2071,2.59,0
Iraq,2072,2.57,0
Iraq,2073,2.55,0
Iraq,2074,2.54,0
Iraq,2075,2.52,0
Iraq,2076,2.5,0
Iraq,2077,2.49,0
Iraq,2078,2.47,0
Iraq,2079,2.46,0
Iraq,2080,2.44,0
Iraq,2081,2.42,0
Iraq,2082,2.41,0
Iraq,2083,2.39,0
Iraq,2084,2.38,0
Iraq,2085,2.36,0
Iraq,2086,2.35,0
Iraq,2087,2.33,0
Iraq,2088,2.32,0
Iraq,2089,2.3,0
Iraq,2090,2.29,0
Iraq,2091,2.27,0
Iraq,2092,2.26,0
Iraq,2093,2.25,0
Iraq,2094,2.23,0
Iraq,2095,2.22,0
Iraq,2096,2.21,0
Iraq,2097,2.19,0
Iraq,2098,2.18,0
Iraq,2099,2.18,0
Iceland,1900,4.1,2460
Iceland,1901,4.09,2520
Iceland,1902,4.07,2520
Iceland,1903,4.06,2530
Iceland,1904,4.04,2700
Iceland,1905,4.03,2760
Iceland,1906,4.01,2870
Iceland,1907,4,2840
Iceland,1908,3.85,2810
Iceland,1909,3.69,3010
Iceland,1910,3.8,3140
Iceland,1911,3.9,3160
Iceland,1912,4,3310
Iceland,1913,3.98,3230
Iceland,1914,3.96,3170
Iceland,1915,3.94,2800
Iceland,1916,3.92,2740
Iceland,1917,3.9,2580
Iceland,1918,3.89,2980
Iceland,1919,3.87,2510
Iceland,1920,3.86,2750
Iceland,1921,3.67,3080
Iceland,1922,3.72,2900
Iceland,1923,3.6,3080
Iceland,1924,3.54,3060
Iceland,1925,3.66,3280
Iceland,1926,3.55,3590
Iceland,1927,3.32,3710
Iceland,1928,3.38,3910
Iceland,1929,3.49,4300
Iceland,1930,3.49,4220
Iceland,1931,3.33,4010
Iceland,1932,3.09,4410
Iceland,1933,3.14,4420
Iceland,1934,3.05,4240
Iceland,1935,3.03,4210
Iceland,1936,2.8,4350
Iceland,1937,2.76,4340
Iceland,1938,2.68,4800
Iceland,1939,2.79,5030
Iceland,1940,2.91,5680
Iceland,1941,3.24,6520
Iceland,1942,3.33,6850
Iceland,1943,3.36,7380
Iceland,1944,3.53,7810
Iceland,1945,3.46,7980
Iceland,1946,3.63,8640
Iceland,1947,3.75,8610
Iceland,1948,3.76,8250
Iceland,1949,3.62,7840
Iceland,1950,3.69,7460
Iceland,1951,3.82,8140
Iceland,1952,3.93,8200
Iceland,1953,4.02,8720
Iceland,1954,4.1,9320
Iceland,1955,4.15,9530
Iceland,1956,4.18,9300
Iceland,1957,4.19,9750
Iceland,1958,4.17,9880
Iceland,1959,4.13,10100
Iceland,1960,4.07,9940
Iceland,1961,3.98,10600
Iceland,1962,3.86,11600
Iceland,1963,3.74,12600
Iceland,1964,3.6,13300
Iceland,1965,3.46,14300
Iceland,1966,3.34,13900
Iceland,1967,3.22,13000
Iceland,1968,3.12,13300
Iceland,1969,3.03,14300
Iceland,1970,2.95,16100
Iceland,1971,2.88,16900
Iceland,1972,2.8,17800
Iceland,1973,2.73,18700
Iceland,1974,2.65,18600
Iceland,1975,2.57,19600
Iceland,1976,2.49,21300
Iceland,1977,2.42,22500
Iceland,1978,2.36,23500
Iceland,1979,2.31,24600
Iceland,1980,2.27,25500
Iceland,1981,2.23,25800
Iceland,1982,2.2,25000
Iceland,1983,2.17,25900
Iceland,1984,2.15,26600
Iceland,1985,2.14,28200
Iceland,1986,2.13,30600
Iceland,1987,2.14,30000
Iceland,1988,2.15,29800
Iceland,1989,2.16,30100
Iceland,1990,2.17,29700
Iceland,1991,2.17,28300
Iceland,1992,2.17,28400
Iceland,1993,2.15,29100
Iceland,1994,2.13,29000
Iceland,1995,2.1,30200
Iceland,1996,2.07,31000
Iceland,1997,2.05,32900
Iceland,1998,2.02,33800
Iceland,1999,2.01,35000
Iceland,2000,2,35800
Iceland,2001,2.01,35800
Iceland,2002,2.02,36300
Iceland,2003,2.04,38900
Iceland,2004,2.07,40700
Iceland,2005,2.09,41800
Iceland,2006,2.1,44600
Iceland,2007,2.1,44700
Iceland,2008,2.09,41500
Iceland,2009,2.07,40100
Iceland,2010,2.04,40800
Iceland,2011,2.01,41100
Iceland,2012,1.99,42400
Iceland,2013,1.96,42800
Iceland,2014,1.95,44200
Iceland,2015,1.93,46800
Iceland,2016,1.92,47800
Iceland,2017,1.91,48600
Iceland,2018,1.91,47900
Iceland,2019,1.9,47700
Iceland,2020,1.89,47800
Iceland,2021,1.88,48000
Iceland,2022,1.87,48200
Iceland,2023,1.87,48300
Iceland,2024,1.86,48500
Iceland,2025,1.85,48800
Iceland,2026,1.85,49200
Iceland,2027,1.84,49700
Iceland,2028,1.83,50400
Iceland,2029,1.83,51300
Iceland,2030,1.82,52200
Iceland,2031,1.82,53200
Iceland,2032,1.81,54200
Iceland,2033,1.81,55300
Iceland,2034,1.81,56500
Iceland,2035,1.8,57600
Iceland,2036,1.8,58800
Iceland,2037,1.8,60000
Iceland,2038,1.79,61200
Iceland,2039,1.79,62400
Iceland,2040,1.79,0
Iceland,2041,1.79,0
Iceland,2042,1.78,0
Iceland,2043,1.78,0
Iceland,2044,1.78,0
Iceland,2045,1.78,0
Iceland,2046,1.78,0
Iceland,2047,1.78,0
Iceland,2048,1.78,0
Iceland,2049,1.78,0
Iceland,2050,1.78,0
Iceland,2051,1.78,0
Iceland,2052,1.78,0
Iceland,2053,1.77,0
Iceland,2054,1.77,0
Iceland,2055,1.77,0
Iceland,2056,1.77,0
Iceland,2057,1.77,0
Iceland,2058,1.78,0
Iceland,2059,1.78,0
Iceland,2060,1.78,0
Iceland,2061,1.78,0
Iceland,2062,1.78,0
Iceland,2063,1.78,0
Iceland,2064,1.78,0
Iceland,2065,1.78,0
Iceland,2066,1.78,0
Iceland,2067,1.78,0
Iceland,2068,1.78,0
Iceland,2069,1.78,0
Iceland,2070,1.78,0
Iceland,2071,1.78,0
Iceland,2072,1.78,0
Iceland,2073,1.78,0
Iceland,2074,1.78,0
Iceland,2075,1.78,0
Iceland,2076,1.78,0
Iceland,2077,1.78,0
Iceland,2078,1.78,0
Iceland,2079,1.79,0
Iceland,2080,1.79,0
Iceland,2081,1.79,0
Iceland,2082,1.79,0
Iceland,2083,1.79,0
Iceland,2084,1.79,0
Iceland,2085,1.79,0
Iceland,2086,1.79,0
Iceland,2087,1.79,0
Iceland,2088,1.79,0
Iceland,2089,1.79,0
Iceland,2090,1.79,0
Iceland,2091,1.79,0
Iceland,2092,1.79,0
Iceland,2093,1.8,0
Iceland,2094,1.8,0
Iceland,2095,1.8,0
Iceland,2096,1.8,0
Iceland,2097,1.8,0
Iceland,2098,1.8,0
Iceland,2099,1.8,0
Israel,1900,4.69,1060
Israel,1901,4.68,1060
Israel,1902,4.67,1070
Israel,1903,4.65,1070
Israel,1904,4.64,1080
Israel,1905,4.63,1090
Israel,1906,4.61,1090
Israel,1907,4.6,1100
Israel,1908,4.59,1110
Israel,1909,4.58,1110
Israel,1910,4.56,1120
Israel,1911,4.55,1120
Israel,1912,4.54,1130
Israel,1913,4.52,1080
Israel,1914,4.51,1030
Israel,1915,4.5,978
Israel,1916,4.49,932
Israel,1917,4.47,965
Israel,1918,4.46,998
Israel,1919,4.45,1030
Israel,1920,4.43,1070
Israel,1921,4.42,1110
Israel,1922,4.41,1060
Israel,1923,4.39,1330
Israel,1924,4.38,1420
Israel,1925,4.39,1210
Israel,1926,4.4,1340
Israel,1927,4.41,1460
Israel,1928,4.41,1670
Israel,1929,4.42,2000
Israel,1930,4.36,2270
Israel,1931,4.3,2590
Israel,1932,4.25,3090
Israel,1933,4.19,3450
Israel,1934,4.13,3290
Israel,1935,3.93,2730
Israel,1936,3.74,2410
Israel,1937,3.54,2210
Israel,1938,3.34,2120
Israel,1939,3.15,2150
Israel,1940,3.32,2430
Israel,1941,3.49,2890
Israel,1942,3.66,3000
Israel,1943,3.84,3090
Israel,1944,4.01,3180
Israel,1945,4.11,3470
Israel,1946,4.21,3630
Israel,1947,4.32,3810
Israel,1948,4.42,4000
Israel,1949,4.52,4190
Israel,1950,4.45,4700
Israel,1951,4.32,4510
Israel,1952,4.21,4330
Israel,1953,4.11,5020
Israel,1954,4.03,5510
Israel,1955,3.96,5740
Israel,1956,3.92,5940
Israel,1957,3.88,6110
Israel,1958,3.86,6700
Israel,1959,3.84,6940
Israel,1960,3.84,7450
Israel,1961,3.83,7870
Israel,1962,3.82,8380
Israel,1963,3.82,8880
Israel,1964,3.81,9440
Israel,1965,3.8,9330
Israel,1966,3.8,9400
Israel,1967,3.81,10700
Israel,1968,3.81,11700
Israel,1969,3.82,12300
Israel,1970,3.81,13300
Israel,1971,3.8,14500
Israel,1972,3.77,14800
Israel,1973,3.72,15400
Israel,1974,3.66,15600
Israel,1975,3.59,15500
Israel,1976,3.51,15200
Israel,1977,3.43,15700
Israel,1978,3.35,16300
Israel,1979,3.28,17100
Israel,1980,3.22,17700
Israel,1981,3.17,17800
Israel,1982,3.13,18100
Israel,1983,3.11,18000
Israel,1984,3.09,18300
Israel,1985,3.07,18900
Israel,1986,3.06,20000
Israel,1987,3.04,20100
Israel,1988,3.02,20000
Israel,1989,3,20700
Israel,1990,2.97,21000
Israel,1991,2.95,21900
Israel,1992,2.94,22200
Israel,1993,2.93,23200
Israel,1994,2.92,24100
Israel,1995,2.92,24700
Israel,1996,2.92,25100
Israel,1997,2.92,25400
Israel,1998,2.92,25500
Israel,1999,2.92,26800
Israel,2000,2.92,26200
Israel,2001,2.91,25700
Israel,2002,2.91,25400
Israel,2003,2.91,26100
Israel,2004,2.91,26600
Israel,2005,2.92,27600
Israel,2006,2.93,28700
Israel,2007,2.95,29000
Israel,2008,2.97,28600
Israel,2009,3,29700
Israel,2010,3.01,30600
Israel,2011,3.03,30600
Israel,2012,3.03,31300
Israel,2013,3.02,31900
Israel,2014,3,32100
Israel,2015,2.97,32700
Israel,2016,2.95,33200
Israel,2017,2.92,33700
Israel,2018,2.89,34100
Israel,2019,2.86,34400
Israel,2020,2.84,34800
Israel,2021,2.82,35200
Israel,2022,2.8,35600
Israel,2023,2.78,36000
Israel,2024,2.76,36400
Israel,2025,2.74,36800
Israel,2026,2.72,37300
Israel,2027,2.7,37900
Israel,2028,2.68,38500
Israel,2029,2.66,39200
Israel,2030,2.64,39900
Israel,2031,2.62,40700
Israel,2032,2.6,41500
Israel,2033,2.59,42400
Israel,2034,2.57,43200
Israel,2035,2.55,44100
Israel,2036,2.54,45000
Israel,2037,2.52,45900
Israel,2038,2.5,46900
Israel,2039,2.49,47800
Israel,2040,2.47,0
Israel,2041,2.46,0
Israel,2042,2.44,0
Israel,2043,2.42,0
Israel,2044,2.41,0
Israel,2045,2.39,0
Israel,2046,2.38,0
Israel,2047,2.36,0
Israel,2048,2.35,0
Israel,2049,2.33,0
Israel,2050,2.32,0
Israel,2051,2.3,0
Israel,2052,2.29,0
Israel,2053,2.28,0
Israel,2054,2.26,0
Israel,2055,2.25,0
Israel,2056,2.24,0
Israel,2057,2.22,0
Israel,2058,2.21,0
Israel,2059,2.2,0
Israel,2060,2.18,0
Israel,2061,2.17,0
Israel,2062,2.16,0
Israel,2063,2.15,0
Israel,2064,2.14,0
Israel,2065,2.13,0
Israel,2066,2.12,0
Israel,2067,2.11,0
Israel,2068,2.1,0
Israel,2069,2.09,0
Israel,2070,2.08,0
Israel,2071,2.07,0
Israel,2072,2.06,0
Israel,2073,2.05,0
Israel,2074,2.04,0
Israel,2075,2.03,0
Israel,2076,2.03,0
Israel,2077,2.02,0
Israel,2078,2.01,0
Israel,2079,2.01,0
Israel,2080,2,0
Israel,2081,1.99,0
Israel,2082,1.99,0
Israel,2083,1.98,0
Israel,2084,1.97,0
Israel,2085,1.97,0
Israel,2086,1.96,0
Israel,2087,1.96,0
Israel,2088,1.95,0
Israel,2089,1.95,0
Israel,2090,1.94,0
Israel,2091,1.94,0
Israel,2092,1.93,0
Israel,2093,1.93,0
Israel,2094,1.93,0
Israel,2095,1.92,0
Israel,2096,1.92,0
Israel,2097,1.91,0
Israel,2098,1.91,0
Israel,2099,1.91,0
Italy,1900,4.49,3840
Italy,1901,4.46,3900
Italy,1902,4.43,3940
Italy,1903,4.44,4010
Italy,1904,4.45,4090
Italy,1905,4.45,4230
Italy,1906,4.46,4300
Italy,1907,4.47,4400
Italy,1908,4.43,4430
Italy,1909,4.39,4440
Italy,1910,4.36,4480
Italy,1911,4.32,4490
Italy,1912,4.28,4700
Italy,1913,4.04,4440
Italy,1914,3.8,4220
Italy,1915,3.56,4570
Italy,1916,3.32,4580
Italy,1917,3.08,4470
Italy,1918,3.24,4290
Italy,1919,3.41,4390
Italy,1920,3.57,4240
Italy,1921,3.74,4550
Italy,1922,3.9,4920
Italy,1923,3.81,5010
Italy,1924,3.72,5310
Italy,1925,3.64,5300
Italy,1926,3.55,5160
Italy,1927,3.46,5440
Italy,1928,3.42,5660
Italy,1929,3.38,5360
Italy,1930,3.21,5260
Italy,1931,3.06,5330
Italy,1932,3.04,5230
Italy,1933,3,5170
Italy,1934,2.98,5410
Italy,1935,2.87,5180
Italy,1936,2.93,5650
Italy,1937,3.05,5770
Italy,1938,3.07,6080
Italy,1939,3.07,5910
Italy,1940,2.74,5750
Italy,1941,2.69,5400
Italy,1942,2.61,4550
Italy,1943,2.39,3660
Italy,1944,2.37,3280
Italy,1945,3.01,4410
Italy,1946,2.9,5210
Italy,1947,2.84,5580
Italy,1948,2.63,6010
Italy,1949,2.45,6470
Italy,1950,2.42,6900
Italy,1951,2.37,7380
Italy,1952,2.32,7860
Italy,1953,2.29,8210
Italy,1954,2.28,8630
Italy,1955,2.28,8970
Italy,1956,2.29,9450
Italy,1957,2.32,9900
Italy,1958,2.35,10400
Italy,1959,2.39,10900
Italy,1960,2.43,11800
Italy,1961,2.47,12600
Italy,1962,2.5,13500
Italy,1963,2.52,13900
Italy,1964,2.53,14100
Italy,1965,2.53,14800
Italy,1966,2.52,15700
Italy,1967,2.5,17000
Italy,1968,2.48,17800
Italy,1969,2.44,18100
Italy,1970,2.4,18400
Italy,1971,2.35,18800
Italy,1972,2.28,19900
Italy,1973,2.2,20700
Italy,1974,2.12,20200
Italy,1975,2.03,21400
Italy,1976,1.94,22000
Italy,1977,1.85,22700
Italy,1978,1.76,24000
Italy,1979,1.69,24800
Italy,1980,1.62,24900
Italy,1981,1.55,25100
Italy,1982,1.5,25400
Italy,1983,1.45,26000
Italy,1984,1.42,26800
Italy,1985,1.38,27600
Italy,1986,1.36,28400
Italy,1987,1.34,29600
Italy,1988,1.32,30500
Italy,1989,1.3,31100
Italy,1990,1.29,31600
Italy,1991,1.27,31800
Italy,1992,1.26,31600
Italy,1993,1.25,32200
Italy,1994,1.24,33200
Italy,1995,1.23,33600
Italy,1996,1.23,34200
Italy,1997,1.23,34700
Italy,1998,1.24,35200
Italy,1999,1.25,36500
Italy,2000,1.27,37200
Italy,2001,1.29,37200
Italy,2002,1.31,37100
Italy,2003,1.34,37400
Italy,2004,1.36,37600
Italy,2005,1.38,38200
Italy,2006,1.4,38600
Italy,2007,1.41,38000
Italy,2008,1.42,35700
Italy,2009,1.43,36200
Italy,2010,1.43,36300
Italy,2011,1.43,35200
Italy,2012,1.44,34200
Italy,2013,1.45,33900
Italy,2014,1.46,34300
Italy,2015,1.47,34700
Italy,2016,1.48,35400
Italy,2017,1.5,35700
Italy,2018,1.51,35800
Italy,2019,1.52,36100
Italy,2020,1.53,36400
Italy,2021,1.54,36800
Italy,2022,1.55,37100
Italy,2023,1.56,37400
Italy,2024,1.57,37800
Italy,2025,1.57,38200
Italy,2026,1.58,38600
Italy,2027,1.59,39200
Italy,2028,1.6,39800
Italy,2029,1.6,40500
Italy,2030,1.61,41300
Italy,2031,1.62,42100
Italy,2032,1.62,42900
Italy,2033,1.63,43800
Italy,2034,1.64,44700
Italy,2035,1.64,45600
Italy,2036,1.65,46500
Italy,2037,1.65,47500
Italy,2038,1.66,48400
Italy,2039,1.66,49400
Italy,2040,1.67,0
Italy,2041,1.67,0
Italy,2042,1.68,0
Italy,2043,1.68,0
Italy,2044,1.68,0
Italy,2045,1.69,0
Italy,2046,1.69,0
Italy,2047,1.7,0
Italy,2048,1.7,0
Italy,2049,1.7,0
Italy,2050,1.71,0
Italy,2051,1.71,0
Italy,2052,1.71,0
Italy,2053,1.72,0
Italy,2054,1.72,0
Italy,2055,1.72,0
Italy,2056,1.73,0
Italy,2057,1.73,0
Italy,2058,1.73,0
Italy,2059,1.73,0
Italy,2060,1.74,0
Italy,2061,1.74,0
Italy,2062,1.74,0
Italy,2063,1.74,0
Italy,2064,1.74,0
Italy,2065,1.75,0
Italy,2066,1.75,0
Italy,2067,1.75,0
Italy,2068,1.75,0
Italy,2069,1.75,0
Italy,2070,1.76,0
Italy,2071,1.76,0
Italy,2072,1.76,0
Italy,2073,1.76,0
Italy,2074,1.76,0
Italy,2075,1.76,0
Italy,2076,1.77,0
Italy,2077,1.77,0
Italy,2078,1.77,0
Italy,2079,1.77,0
Italy,2080,1.77,0
Italy,2081,1.77,0
Italy,2082,1.77,0
Italy,2083,1.77,0
Italy,2084,1.77,0
Italy,2085,1.78,0
Italy,2086,1.78,0
Italy,2087,1.78,0
Italy,2088,1.78,0
Italy,2089,1.78,0
Italy,2090,1.78,0
Italy,2091,1.78,0
Italy,2092,1.78,0
Italy,2093,1.78,0
Italy,2094,1.78,0
Italy,2095,1.78,0
Italy,2096,1.79,0
Italy,2097,1.79,0
Italy,2098,1.79,0
Italy,2099,1.79,0
South Korea,1900,6,584
South Korea,1901,5.99,588
South Korea,1902,5.99,592
South Korea,1903,5.98,597
South Korea,1904,5.98,601
South Korea,1905,5.97,605
South Korea,1906,5.97,610
South Korea,1907,5.96,614
South Korea,1908,5.96,619
South Korea,1909,5.96,623
South Korea,1910,5.95,628
South Korea,1911,5.95,649
South Korea,1912,5.94,669
South Korea,1913,5.94,695
South Korea,1914,5.93,807
South Korea,1915,5.93,784
South Korea,1916,5.92,861
South Korea,1917,5.92,921
South Korea,1918,5.93,974
South Korea,1919,5.94,841
South Korea,1920,5.95,900
South Korea,1921,5.96,820
South Korea,1922,5.97,871
South Korea,1923,5.95,869
South Korea,1924,5.93,862
South Korea,1925,5.91,887
South Korea,1926,5.89,917
South Korea,1927,5.87,916
South Korea,1928,5.9,861
South Korea,1929,5.93,808
South Korea,1930,5.96,806
South Korea,1931,6,800
South Korea,1932,6.03,960
South Korea,1933,6.08,952
South Korea,1934,6.13,1030
South Korea,1935,6.18,1110
South Korea,1936,6.23,1200
South Korea,1937,6.29,1250
South Korea,1938,6.3,1110
South Korea,1939,6.31,1230
South Korea,1940,6.32,1230
South Korea,1941,6.34,1220
South Korea,1942,6.36,1220
South Korea,1943,6.3,1210
South Korea,1944,6.25,1210
South Korea,1945,6.19,1200
South Korea,1946,6.14,1190
South Korea,1947,6.09,1190
South Korea,1948,5.28,1180
South Korea,1949,4.46,1180
South Korea,1950,4.76,1090
South Korea,1951,5.25,1150
South Korea,1952,5.64,1480
South Korea,1953,5.94,1550
South Korea,1954,6.16,1610
South Korea,1955,6.28,1580
South Korea,1956,6.33,1660
South Korea,1957,6.31,1700
South Korea,1958,6.23,1710
South Korea,1959,6.1,1690
South Korea,1960,5.93,1720
South Korea,1961,5.74,1710
South Korea,1962,5.53,1810
South Korea,1963,5.33,1910
South Korea,1964,5.13,1970
South Korea,1965,4.94,2150
South Korea,1966,4.77,2250
South Korea,1967,4.62,2480
South Korea,1968,4.47,2790
South Korea,1969,4.34,2960
South Korea,1970,4.19,3180
South Korea,1971,4.04,3350
South Korea,1972,3.86,3840
South Korea,1973,3.67,4100
South Korea,1974,3.46,4290
South Korea,1975,3.25,4720
South Korea,1976,3.05,5110
South Korea,1977,2.87,5500
South Korea,1978,2.7,5810
South Korea,1979,2.54,5560
South Korea,1980,2.4,5810
South Korea,1981,2.26,6140
South Korea,1982,2.11,6740
South Korea,1983,1.97,7230
South Korea,1984,1.84,7620
South Korea,1985,1.73,8410
South Korea,1986,1.65,9270
South Korea,1987,1.6,10200
South Korea,1988,1.58,10700
South Korea,1989,1.58,11600
South Korea,1990,1.6,12700
South Korea,1991,1.63,13400
South Korea,1992,1.64,14100
South Korea,1993,1.64,15300
South Korea,1994,1.62,16600
South Korea,1995,1.58,17700
South Korea,1996,1.53,18500
South Korea,1997,1.47,17400
South Korea,1998,1.41,19200
South Korea,1999,1.35,20800
South Korea,2000,1.29,21500
South Korea,2001,1.25,23000
South Korea,2002,1.21,23500
South Korea,2003,1.18,24600
South Korea,2004,1.17,25500
South Korea,2005,1.16,26700
South Korea,2006,1.16,28000
South Korea,2007,1.17,28600
South Korea,2008,1.18,28600
South Korea,2009,1.19,30400
South Korea,2010,1.21,31200
South Korea,2011,1.22,31800
South Korea,2012,1.24,32500
South Korea,2013,1.26,33400
South Korea,2014,1.28,34200
South Korea,2015,1.3,35000
South Korea,2016,1.31,35900
South Korea,2017,1.33,36800
South Korea,2018,1.35,37300
South Korea,2019,1.36,38000
South Korea,2020,1.38,38900
South Korea,2021,1.39,39900
South Korea,2022,1.41,40800
South Korea,2023,1.42,41900
South Korea,2024,1.43,42900
South Korea,2025,1.45,43900
South Korea,2026,1.46,45000
South Korea,2027,1.47,46000
South Korea,2028,1.48,47000
South Korea,2029,1.49,48000
South Korea,2030,1.5,49000
South Korea,2031,1.52,50000
South Korea,2032,1.53,51100
South Korea,2033,1.53,52100
South Korea,2034,1.54,53200
South Korea,2035,1.55,54200
South Korea,2036,1.56,55300
South Korea,2037,1.57,56500
South Korea,2038,1.58,57600
South Korea,2039,1.59,58800
South Korea,2040,1.59,0
South Korea,2041,1.6,0
South Korea,2042,1.61,0
South Korea,2043,1.61,0
South Korea,2044,1.62,0
South Korea,2045,1.63,0
South Korea,2046,1.63,0
South Korea,2047,1.64,0
South Korea,2048,1.64,0
South Korea,2049,1.65,0
South Korea,2050,1.66,0
South Korea,2051,1.66,0
South Korea,2052,1.67,0
South Korea,2053,1.67,0
South Korea,2054,1.68,0
South Korea,2055,1.68,0
South Korea,2056,1.68,0
South Korea,2057,1.69,0
South Korea,2058,1.69,0
South Korea,2059,1.7,0
South Korea,2060,1.7,0
South Korea,2061,1.7,0
South Korea,2062,1.71,0
South Korea,2063,1.71,0
South Korea,2064,1.71,0
South Korea,2065,1.72,0
South Korea,2066,1.72,0
South Korea,2067,1.72,0
South Korea,2068,1.73,0
South Korea,2069,1.73,0
South Korea,2070,1.73,0
South Korea,2071,1.73,0
South Korea,2072,1.74,0
South Korea,2073,1.74,0
South Korea,2074,1.74,0
South Korea,2075,1.74,0
South Korea,2076,1.75,0
South Korea,2077,1.75,0
South Korea,2078,1.75,0
South Korea,2079,1.75,0
South Korea,2080,1.75,0
South Korea,2081,1.76,0
South Korea,2082,1.76,0
South Korea,2083,1.76,0
South Korea,2084,1.76,0
South Korea,2085,1.76,0
South Korea,2086,1.76,0
South Korea,2087,1.77,0
South Korea,2088,1.77,0
South Korea,2089,1.77,0
South Korea,2090,1.77,0
South Korea,2091,1.77,0
South Korea,2092,1.77,0
South Korea,2093,1.78,0
South Korea,2094,1.78,0
South Korea,2095,1.78,0
South Korea,2096,1.78,0
South Korea,2097,1.78,0
South Korea,2098,1.78,0
South Korea,2099,1.78,0
Kuwait,1900,6.87,2230
Kuwait,1901,6.87,2270
Kuwait,1902,6.87,2300
Kuwait,1903,6.87,2330
Kuwait,1904,6.87,2370
Kuwait,1905,6.87,2400
Kuwait,1906,6.87,2440
Kuwait,1907,6.87,2470
Kuwait,1908,6.87,2510
Kuwait,1909,6.87,2540
Kuwait,1910,6.87,2580
Kuwait,1911,6.87,2620
Kuwait,1912,6.87,2660
Kuwait,1913,6.87,2590
Kuwait,1914,6.87,2520
Kuwait,1915,6.87,2450
Kuwait,1916,6.87,2380
Kuwait,1917,6.87,2320
Kuwait,1918,6.87,2340
Kuwait,1919,6.87,2350
Kuwait,1920,6.87,2370
Kuwait,1921,6.87,2350
Kuwait,1922,6.87,2320
Kuwait,1923,6.87,2300
Kuwait,1924,6.87,2280
Kuwait,1925,6.88,2260
Kuwait,1926,6.9,2240
Kuwait,1927,6.91,2210
Kuwait,1928,6.93,2030
Kuwait,1929,6.94,1860
Kuwait,1930,6.95,1710
Kuwait,1931,6.97,1570
Kuwait,1932,6.98,1440
Kuwait,1933,7,1450
Kuwait,1934,7.01,1470
Kuwait,1935,7.03,1480
Kuwait,1936,7.04,1490
Kuwait,1937,7.05,1500
Kuwait,1938,7.07,1520
Kuwait,1939,7.08,1530
Kuwait,1940,7.1,1550
Kuwait,1941,7.11,1560
Kuwait,1942,7.12,1570
Kuwait,1943,7.14,1590
Kuwait,1944,7.15,1610
Kuwait,1945,7.17,1640
Kuwait,1946,7.18,2130
Kuwait,1947,7.2,2760
Kuwait,1948,7.21,3590
Kuwait,1949,7.22,4650
Kuwait,1950,7.22,6030
Kuwait,1951,7.21,7820
Kuwait,1952,7.2,1000
Kuwait,1953,7.19,1000
Kuwait,1954,7.19,1000
Kuwait,1955,7.19,1000
Kuwait,1956,7.2,1000
Kuwait,1957,7.21,1000
Kuwait,1958,7.22,1000
Kuwait,1959,7.24,1000
Kuwait,1960,7.27,1000
Kuwait,1961,7.31,1000
Kuwait,1962,7.35,1000
Kuwait,1963,7.38,1000
Kuwait,1964,7.41,1000
Kuwait,1965,7.42,1000
Kuwait,1966,7.4,1000
Kuwait,1967,7.36,1000
Kuwait,1968,7.28,1000
Kuwait,1969,7.17,1000
Kuwait,1970,7.02,1000
Kuwait,1971,6.84,1000
Kuwait,1972,6.63,1000
Kuwait,1973,6.4,143000
Kuwait,1974,6.18,118000
Kuwait,1975,5.96,118000
Kuwait,1976,5.77,107000
Kuwait,1977,5.6,108000
Kuwait,1978,5.45,115000
Kuwait,1979,5.32,86600
Kuwait,1980,5.18,67200
Kuwait,1981,5.02,56700
Kuwait,1982,4.83,58600
Kuwait,1983,4.61,59000
Kuwait,1984,4.36,53400
Kuwait,1985,4.07,55500
Kuwait,1986,3.78,51000
Kuwait,1987,3.48,50600
Kuwait,1988,3.21,52200
Kuwait,1989,2.97,40100
Kuwait,1990,2.79,24300
Kuwait,1991,2.68,46700
Kuwait,1992,2.64,67200
Kuwait,1993,2.66,77300
Kuwait,1994,2.72,81300
Kuwait,1995,2.8,80700
Kuwait,1996,2.86,78700
Kuwait,1997,2.9,76200
Kuwait,1998,2.89,70200
Kuwait,1999,2.85,70100
Kuwait,2000,2.77,68700
Kuwait,2001,2.69,69600
Kuwait,2002,2.62,80700
Kuwait,2003,2.55,87900
Kuwait,2004,2.5,93700
Kuwait,2005,2.45,96400
Kuwait,2006,2.4,96800
Kuwait,2007,2.34,93600
Kuwait,2008,2.28,81900
Kuwait,2009,2.22,75400
Kuwait,2010,2.15,78000
Kuwait,2011,2.09,78700
Kuwait,2012,2.05,75600
Kuwait,2013,2.01,72600
Kuwait,2014,1.99,70300
Kuwait,2015,1.97,70100
Kuwait,2016,1.96,66000
Kuwait,2017,1.95,65500
Kuwait,2018,1.94,64100
Kuwait,2019,1.94,64300
Kuwait,2020,1.93,64200
Kuwait,2021,1.92,63900
Kuwait,2022,1.91,63800
Kuwait,2023,1.9,63800
Kuwait,2024,1.89,64000
Kuwait,2025,1.89,64200
Kuwait,2026,1.88,64700
Kuwait,2027,1.88,65300
Kuwait,2028,1.87,66200
Kuwait,2029,1.87,67300
Kuwait,2030,1.86,68500
Kuwait,2031,1.86,69800
Kuwait,2032,1.85,71100
Kuwait,2033,1.85,72600
Kuwait,2034,1.84,74000
Kuwait,2035,1.84,75500
Kuwait,2036,1.84,77100
Kuwait,2037,1.84,78600
Kuwait,2038,1.83,80200
Kuwait,2039,1.83,81900
Kuwait,2040,1.83,0
Kuwait,2041,1.83,0
Kuwait,2042,1.83,0
Kuwait,2043,1.82,0
Kuwait,2044,1.82,0
Kuwait,2045,1.82,0
Kuwait,2046,1.82,0
Kuwait,2047,1.82,0
Kuwait,2048,1.82,0
Kuwait,2049,1.82,0
Kuwait,2050,1.82,0
Kuwait,2051,1.82,0
Kuwait,2052,1.82,0
Kuwait,2053,1.82,0
Kuwait,2054,1.82,0
Kuwait,2055,1.82,0
Kuwait,2056,1.82,0
Kuwait,2057,1.82,0
Kuwait,2058,1.82,0
Kuwait,2059,1.82,0
Kuwait,2060,1.82,0
Kuwait,2061,1.82,0
Kuwait,2062,1.82,0
Kuwait,2063,1.82,0
Kuwait,2064,1.82,0
Kuwait,2065,1.82,0
Kuwait,2066,1.82,0
Kuwait,2067,1.82,0
Kuwait,2068,1.82,0
Kuwait,2069,1.82,0
Kuwait,2070,1.82,0
Kuwait,2071,1.82,0
Kuwait,2072,1.82,0
Kuwait,2073,1.82,0
Kuwait,2074,1.82,0
Kuwait,2075,1.82,0
Kuwait,2076,1.82,0
Kuwait,2077,1.82,0
Kuwait,2078,1.82,0
Kuwait,2079,1.82,0
Kuwait,2080,1.82,0
Kuwait,2081,1.82,0
Kuwait,2082,1.82,0
Kuwait,2083,1.82,0
Kuwait,2084,1.82,0
Kuwait,2085,1.83,0
Kuwait,2086,1.83,0
Kuwait,2087,1.83,0
Kuwait,2088,1.83,0
Kuwait,2089,1.83,0
Kuwait,2090,1.83,0
Kuwait,2091,1.83,0
Kuwait,2092,1.83,0
Kuwait,2093,1.83,0
Kuwait,2094,1.83,0
Kuwait,2095,1.83,0
Kuwait,2096,1.83,0
Kuwait,2097,1.83,0
Kuwait,2098,1.83,0
Kuwait,2099,1.83,0
Mexico,1900,6.52,2330
Mexico,1901,6.23,2140
Mexico,1902,6.22,2360
Mexico,1903,6.2,2370
Mexico,1904,6.19,2590
Mexico,1905,6.18,2540
Mexico,1906,6.16,2660
Mexico,1907,6.09,2620
Mexico,1908,6.01,2670
Mexico,1909,5.94,2670
Mexico,1910,5.86,2560
Mexico,1911,5.79,2540
Mexico,1912,5.72,2390
Mexico,1913,5.65,2390
Mexico,1914,5.58,2360
Mexico,1915,5.51,2540
Mexico,1916,5.44,2650
Mexico,1917,5.57,2750
Mexico,1918,5.69,2860
Mexico,1919,5.82,3040
Mexico,1920,5.94,3030
Mexico,1921,6.07,3050
Mexico,1922,6.04,3110
Mexico,1923,6.02,3010
Mexico,1924,5.99,3140
Mexico,1925,5.96,3280
Mexico,1926,5.94,3080
Mexico,1927,5.94,3050
Mexico,1928,5.95,2890
Mexico,1929,5.96,2660
Mexico,1930,5.97,2700
Mexico,1931,5.98,2250
Mexico,1932,5.95,2470
Mexico,1933,5.92,2590
Mexico,1934,5.89,2740
Mexico,1935,5.86,2910
Mexico,1936,5.83,2960
Mexico,1937,5.87,2950
Mexico,1938,5.9,3060
Mexico,1939,5.93,3050
Mexico,1940,5.96,3260
Mexico,1941,5.99,3350
Mexico,1942,6.07,3390
Mexico,1943,6.16,3570
Mexico,1944,6.24,3580
Mexico,1945,6.32,3720
Mexico,1946,6.41,3750
Mexico,1947,6.49,3800
Mexico,1948,6.58,3900
Mexico,1949,6.66,4180
Mexico,1950,6.68,4370
Mexico,1951,6.72,4410
Mexico,1952,6.74,4290
Mexico,1953,6.76,4590
Mexico,1954,6.78,4830
Mexico,1955,6.78,5020
Mexico,1956,6.78,5240
Mexico,1957,6.78,5360
Mexico,1958,6.77,5350
Mexico,1959,6.77,5620
Mexico,1960,6.76,5760
Mexico,1961,6.76,5880
Mexico,1962,6.75,6200
Mexico,1963,6.75,6770
Mexico,1964,6.76,7030
Mexico,1965,6.77,7330
Mexico,1966,6.79,7600
Mexico,1967,6.81,8020
Mexico,1968,6.83,8310
Mexico,1969,6.83,8660
Mexico,1970,6.79,8760
Mexico,1971,6.7,9250
Mexico,1972,6.56,9740
Mexico,1973,6.37,10100
Mexico,1974,6.13,10400
Mexico,1975,5.86,10600
Mexico,1976,5.59,10700
Mexico,1977,5.32,11400
Mexico,1978,5.06,12300
Mexico,1979,4.84,13200
Mexico,1980,4.64,14100
Mexico,1981,4.46,13800
Mexico,1982,4.3,13000
Mexico,1983,4.15,13300
Mexico,1984,4.02,13400
Mexico,1985,3.9,12700
Mexico,1986,3.79,12800
Mexico,1987,3.68,12700
Mexico,1988,3.57,13100
Mexico,1989,3.47,13600
Mexico,1990,3.37,13900
Mexico,1991,3.27,14100
Mexico,1992,3.18,14100
Mexico,1993,3.1,14600
Mexico,1994,3.02,13500
Mexico,1995,2.95,14100
Mexico,1996,2.88,14900
Mexico,1997,2.82,15400
Mexico,1998,2.77,15600
Mexico,1999,2.72,16100
Mexico,2000,2.67,15800
Mexico,2001,2.62,15600
Mexico,2002,2.58,15600
Mexico,2003,2.54,16000
Mexico,2004,2.5,16200
Mexico,2005,2.46,16600
Mexico,2006,2.42,16800
Mexico,2007,2.39,16700
Mexico,2008,2.36,15600
Mexico,2009,2.34,16200
Mexico,2010,2.32,16500
Mexico,2011,2.3,16900
Mexico,2012,2.27,16900
Mexico,2013,2.24,17100
Mexico,2014,2.22,17500
Mexico,2015,2.18,17800
Mexico,2016,2.15,17900
Mexico,2017,2.12,18100
Mexico,2018,2.09,18000
Mexico,2019,2.07,18100
Mexico,2020,2.04,18300
Mexico,2021,2.02,18500
Mexico,2022,1.99,18700
Mexico,2023,1.97,19000
Mexico,2024,1.94,19300
Mexico,2025,1.92,19600
Mexico,2026,1.9,20000
Mexico,2027,1.88,20300
Mexico,2028,1.87,20700
Mexico,2029,1.85,21100
Mexico,2030,1.83,21500
Mexico,2031,1.82,22000
Mexico,2032,1.81,22400
Mexico,2033,1.8,22900
Mexico,2034,1.78,23300
Mexico,2035,1.77,23800
Mexico,2036,1.77,24300
Mexico,2037,1.76,24800
Mexico,2038,1.75,25300
Mexico,2039,1.74,25800
Mexico,2040,1.74,0
Mexico,2041,1.73,0
Mexico,2042,1.73,0
Mexico,2043,1.72,0
Mexico,2044,1.72,0
Mexico,2045,1.72,0
Mexico,2046,1.72,0
Mexico,2047,1.72,0
Mexico,2048,1.71,0
Mexico,2049,1.71,0
Mexico,2050,1.71,0
Mexico,2051,1.71,0
Mexico,2052,1.71,0
Mexico,2053,1.71,0
Mexico,2054,1.71,0
Mexico,2055,1.71,0
Mexico,2056,1.72,0
Mexico,2057,1.72,0
Mexico,2058,1.72,0
Mexico,2059,1.72,0
Mexico,2060,1.72,0
Mexico,2061,1.72,0
Mexico,2062,1.72,0
Mexico,2063,1.73,0
Mexico,2064,1.73,0
Mexico,2065,1.73,0
Mexico,2066,1.73,0
Mexico,2067,1.73,0
Mexico,2068,1.73,0
Mexico,2069,1.74,0
Mexico,2070,1.74,0
Mexico,2071,1.74,0
Mexico,2072,1.74,0
Mexico,2073,1.74,0
Mexico,2074,1.75,0
Mexico,2075,1.75,0
Mexico,2076,1.75,0
Mexico,2077,1.75,0
Mexico,2078,1.75,0
Mexico,2079,1.75,0
Mexico,2080,1.76,0
Mexico,2081,1.76,0
Mexico,2082,1.76,0
Mexico,2083,1.76,0
Mexico,2084,1.76,0
Mexico,2085,1.76,0
Mexico,2086,1.77,0
Mexico,2087,1.77,0
Mexico,2088,1.77,0
Mexico,2089,1.77,0
Mexico,2090,1.77,0
Mexico,2091,1.77,0
Mexico,2092,1.78,0
Mexico,2093,1.78,0
Mexico,2094,1.78,0
Mexico,2095,1.78,0
Mexico,2096,1.78,0
Mexico,2097,1.78,0
Mexico,2098,1.78,0
Mexico,2099,1.78,0
Niger,1900,6.83,661
Niger,1901,6.83,665
Niger,1902,6.83,668
Niger,1903,6.83,671
Niger,1904,6.83,674
Niger,1905,6.83,678
Niger,1906,6.83,681
Niger,1907,6.83,684
Niger,1908,6.83,687
Niger,1909,6.83,691
Niger,1910,6.83,694
Niger,1911,6.83,697
Niger,1912,6.83,701
Niger,1913,6.83,706
Niger,1914,6.83,710
Niger,1915,6.83,715
Niger,1916,6.83,720
Niger,1917,6.83,725
Niger,1918,6.83,730
Niger,1919,6.83,735
Niger,1920,6.83,741
Niger,1921,6.83,748
Niger,1922,6.83,754
Niger,1923,6.83,761
Niger,1924,6.83,768
Niger,1925,6.83,774
Niger,1926,6.83,781
Niger,1927,6.83,788
Niger,1928,6.83,795
Niger,1929,6.84,802
Niger,1930,6.84,809
Niger,1931,6.84,816
Niger,1932,6.84,823
Niger,1933,6.85,830
Niger,1934,6.85,837
Niger,1935,6.86,844
Niger,1936,6.87,852
Niger,1937,6.87,859
Niger,1938,6.88,866
Niger,1939,6.89,874
Niger,1940,6.9,881
Niger,1941,6.91,890
Niger,1942,6.93,898
Niger,1943,6.94,905
Niger,1944,6.95,913
Niger,1945,6.97,922
Niger,1946,6.99,930
Niger,1947,7,938
Niger,1948,7.02,947
Niger,1949,7.04,955
Niger,1950,7.06,974
Niger,1951,7.1,994
Niger,1952,7.14,1010
Niger,1953,7.18,1030
Niger,1954,7.22,1050
Niger,1955,7.26,1070
Niger,1956,7.31,1090
Niger,1957,7.36,1110
Niger,1958,7.41,1130
Niger,1959,7.45,1180
Niger,1960,7.47,1200
Niger,1961,7.49,1310
Niger,1962,7.51,1410
Niger,1963,7.52,1380
Niger,1964,7.53,1460
Niger,1965,7.54,1410
Niger,1966,7.54,1390
Niger,1967,7.55,1380
Niger,1968,7.56,1310
Niger,1969,7.57,1320
Niger,1970,7.58,1370
Niger,1971,7.6,1270
Niger,1972,7.62,1030
Niger,1973,7.64,1100
Niger,1974,7.67,1050
Niger,1975,7.7,1030
Niger,1976,7.74,1090
Niger,1977,7.78,1210
Niger,1978,7.81,1270
Niger,1979,7.84,1300
Niger,1980,7.87,1290
Niger,1981,7.88,1240
Niger,1982,7.89,1190
Niger,1983,7.88,970
Niger,1984,7.87,966
Niger,1985,7.85,986
Niger,1986,7.82,930
Niger,1987,7.8,959
Niger,1988,7.79,936
Niger,1989,7.77,893
Niger,1990,7.76,886
Niger,1991,7.75,802
Niger,1992,7.74,786
Niger,1993,7.73,790
Niger,1994,7.73,784
Niger,1995,7.72,783
Niger,1996,7.71,776
Niger,1997,7.7,827
Niger,1998,7.69,794
Niger,1999,7.68,755
Niger,2000,7.67,780
Niger,2001,7.66,774
Niger,2002,7.64,786
Niger,2003,7.63,758
Niger,2004,7.61,763
Niger,2005,7.59,777
Niger,2006,7.57,772
Niger,2007,7.54,815
Niger,2008,7.52,779
Niger,2009,7.49,812
Niger,2010,7.46,799
Niger,2011,7.42,860
Niger,2012,7.38,870
Niger,2013,7.34,900
Niger,2014,7.29,903
Niger,2015,7.24,912
Niger,2016,7.18,921
Niger,2017,7.13,932
Niger,2018,7.07,954
Niger,2019,7,974
Niger,2020,6.93,991
Niger,2021,6.86,1070
Niger,2022,6.79,1090
Niger,2023,6.71,1120
Niger,2024,6.64,1160
Niger,2025,6.56,1190
Niger,2026,6.48,1220
Niger,2027,6.4,1250
Niger,2028,6.31,1280
Niger,2029,6.23,1310
Niger,2030,6.15,1340
Niger,2031,6.06,1360
Niger,2032,5.98,1390
Niger,2033,5.89,1420
Niger,2034,5.81,1450
Niger,2035,5.73,1480
Niger,2036,5.64,1510
Niger,2037,5.56,1540
Niger,2038,5.48,1570
Niger,2039,5.39,1600
Niger,2040,5.31,0
Niger,2041,5.23,0
Niger,2042,5.15,0
Niger,2043,5.07,0
Niger,2044,4.99,0
Niger,2045,4.91,0
Niger,2046,4.83,0
Niger,2047,4.75,0
Niger,2048,4.68,0
Niger,2049,4.6,0
Niger,2050,4.53,0
Niger,2051,4.45,0
Niger,2052,4.38,0
Niger,2053,4.31,0
Niger,2054,4.24,0
Niger,2055,4.17,0
Niger,2056,4.11,0
Niger,2057,4.04,0
Niger,2058,3.98,0
Niger,2059,3.92,0
Niger,2060,3.85,0
Niger,2061,3.79,0
Niger,2062,3.73,0
Niger,2063,3.68,0
Niger,2064,3.62,0
Niger,2065,3.56,0
Niger,2066,3.51,0
Niger,2067,3.46,0
Niger,2068,3.41,0
Niger,2069,3.37,0
Niger,2070,3.32,0
Niger,2071,3.27,0
Niger,2072,3.23,0
Niger,2073,3.19,0
Niger,2074,3.15,0
Niger,2075,3.1,0
Niger,2076,3.06,0
Niger,2077,3.03,0
Niger,2078,2.99,0
Niger,2079,2.95,0
Niger,2080,2.92,0
Niger,2081,2.88,0
Niger,2082,2.85,0
Niger,2083,2.82,0
Niger,2084,2.79,0
Niger,2085,2.76,0
Niger,2086,2.73,0
Niger,2087,2.71,0
Niger,2088,2.68,0
Niger,2089,2.65,0
Niger,2090,2.63,0
Niger,2091,2.6,0
Niger,2092,2.58,0
Niger,2093,2.55,0
Niger,2094,2.53,0
Niger,2095,2.51,0
Niger,2096,2.49,0
Niger,2097,2.47,0
Niger,2098,2.44,0
Niger,2099,2.44,0
Nigeria,1900,6.55,1280
Nigeria,1901,6.55,1280
Nigeria,1902,6.55,1290
Nigeria,1903,6.55,1290
Nigeria,1904,6.55,1300
Nigeria,1905,6.55,1300
Nigeria,1906,6.55,1310
Nigeria,1907,6.55,1320
Nigeria,1908,6.55,1320
Nigeria,1909,6.55,1330
Nigeria,1910,6.55,1330
Nigeria,1911,6.55,1340
Nigeria,1912,6.55,1350
Nigeria,1913,6.55,1370
Nigeria,1914,6.55,1400
Nigeria,1915,6.55,1420
Nigeria,1916,6.55,1450
Nigeria,1917,6.55,1480
Nigeria,1918,6.55,1500
Nigeria,1919,6.55,1530
Nigeria,1920,6.55,1540
Nigeria,1921,6.55,1560
Nigeria,1922,6.55,1580
Nigeria,1923,6.55,1590
Nigeria,1924,6.55,1610
Nigeria,1925,6.54,1620
Nigeria,1926,6.53,1640
Nigeria,1927,6.53,1650
Nigeria,1928,6.52,1670
Nigeria,1929,6.51,1680
Nigeria,1930,6.5,1700
Nigeria,1931,6.5,1710
Nigeria,1932,6.49,1730
Nigeria,1933,6.48,1740
Nigeria,1934,6.47,1760
Nigeria,1935,6.47,1770
Nigeria,1936,6.46,1790
Nigeria,1937,6.45,1800
Nigeria,1938,6.44,1820
Nigeria,1939,6.43,1830
Nigeria,1940,6.43,1840
Nigeria,1941,6.42,1860
Nigeria,1942,6.41,1870
Nigeria,1943,6.4,1890
Nigeria,1944,6.4,1900
Nigeria,1945,6.39,1910
Nigeria,1946,6.38,1920
Nigeria,1947,6.37,1940
Nigeria,1948,6.36,1950
Nigeria,1949,6.36,1960
Nigeria,1950,6.36,2060
Nigeria,1951,6.35,2160
Nigeria,1952,6.35,2170
Nigeria,1953,6.35,2260
Nigeria,1954,6.35,2250
Nigeria,1955,6.35,2140
Nigeria,1956,6.35,2160
Nigeria,1957,6.36,2080
Nigeria,1958,6.36,2110
Nigeria,1959,6.35,2140
Nigeria,1960,6.35,2160
Nigeria,1961,6.35,2230
Nigeria,1962,6.34,2380
Nigeria,1963,6.34,2420
Nigeria,1964,6.34,2520
Nigeria,1965,6.34,2390
Nigeria,1966,6.36,1970
Nigeria,1967,6.39,1900
Nigeria,1968,6.43,2350
Nigeria,1969,6.47,3000
Nigeria,1970,6.52,3280
Nigeria,1971,6.58,3320
Nigeria,1972,6.63,3510
Nigeria,1973,6.67,3830
Nigeria,1974,6.71,3620
Nigeria,1975,6.74,3910
Nigeria,1976,6.76,3960
Nigeria,1977,6.77,3630
Nigeria,1978,6.78,3790
Nigeria,1979,6.78,3760
Nigeria,1980,6.78,3370
Nigeria,1981,6.77,3260
Nigeria,1982,6.75,2990
Nigeria,1983,6.73,2820
Nigeria,1984,6.7,3000
Nigeria,1985,6.66,2990
Nigeria,1986,6.63,2910
Nigeria,1987,6.58,3130
Nigeria,1988,6.54,3260
Nigeria,1989,6.49,3360
Nigeria,1990,6.44,3290
Nigeria,1991,6.4,3360
Nigeria,1992,6.35,3210
Nigeria,1993,6.3,3070
Nigeria,1994,6.26,2990
Nigeria,1995,6.22,3040
Nigeria,1996,6.19,3050
Nigeria,1997,6.16,3060
Nigeria,1998,6.13,3000
Nigeria,1999,6.11,3070
Nigeria,2000,6.08,3170
Nigeria,2001,6.06,3570
Nigeria,2002,6.04,3730
Nigeria,2003,6.01,3970
Nigeria,2004,5.99,4120
Nigeria,2005,5.96,4260
Nigeria,2006,5.93,4420
Nigeria,2007,5.9,4600
Nigeria,2008,5.87,4840
Nigeria,2009,5.84,5090
Nigeria,2010,5.8,5210
Nigeria,2011,5.76,5290
Nigeria,2012,5.71,5500
Nigeria,2013,5.65,5690
Nigeria,2014,5.59,5690
Nigeria,2015,5.53,5450
Nigeria,2016,5.46,5350
Nigeria,2017,5.39,5320
Nigeria,2018,5.32,5300
Nigeria,2019,5.25,5300
Nigeria,2020,5.18,5300
Nigeria,2021,5.11,5310
Nigeria,2022,5.05,5310
Nigeria,2023,4.98,5320
Nigeria,2024,4.91,5330
Nigeria,2025,4.84,5360
Nigeria,2026,4.77,5400
Nigeria,2027,4.71,5460
Nigeria,2028,4.64,5530
Nigeria,2029,4.57,5620
Nigeria,2030,4.51,5720
Nigeria,2031,4.44,5830
Nigeria,2032,4.38,5940
Nigeria,2033,4.32,6060
Nigeria,2034,4.25,6180
Nigeria,2035,4.19,6310
Nigeria,2036,4.13,6440
Nigeria,2037,4.07,6570
Nigeria,2038,4.01,6700
Nigeria,2039,3.95,6840
Nigeria,2040,3.9,0
Nigeria,2041,3.84,0
Nigeria,2042,3.79,0
Nigeria,2043,3.73,0
Nigeria,2044,3.68,0
Nigeria,2045,3.63,0
Nigeria,2046,3.58,0
Nigeria,2047,3.53,0
Nigeria,2048,3.48,0
Nigeria,2049,3.44,0
Nigeria,2050,3.39,0
Nigeria,2051,3.34,0
Nigeria,2052,3.3,0
Nigeria,2053,3.26,0
Nigeria,2054,3.22,0
Nigeria,2055,3.17,0
Nigeria,2056,3.14,0
Nigeria,2057,3.1,0
Nigeria,2058,3.06,0
Nigeria,2059,3.02,0
Nigeria,2060,2.99,0
Nigeria,2061,2.96,0
Nigeria,2062,2.93,0
Nigeria,2063,2.9,0
Nigeria,2064,2.87,0
Nigeria,2065,2.84,0
Nigeria,2066,2.81,0
Nigeria,2067,2.78,0
Nigeria,2068,2.75,0
Nigeria,2069,2.73,0
Nigeria,2070,2.7,0
Nigeria,2071,2.68,0
Nigeria,2072,2.65,0
Nigeria,2073,2.63,0
Nigeria,2074,2.6,0
Nigeria,2075,2.58,0
Nigeria,2076,2.56,0
Nigeria,2077,2.54,0
Nigeria,2078,2.52,0
Nigeria,2079,2.5,0
Nigeria,2080,2.48,0
Nigeria,2081,2.46,0
Nigeria,2082,2.44,0
Nigeria,2083,2.42,0
Nigeria,2084,2.4,0
Nigeria,2085,2.39,0
Nigeria,2086,2.37,0
Nigeria,2087,2.35,0
Nigeria,2088,2.34,0
Nigeria,2089,2.32,0
Nigeria,2090,2.3,0
Nigeria,2091,2.29,0
Nigeria,2092,2.27,0
Nigeria,2093,2.26,0
Nigeria,2094,2.24,0
Nigeria,2095,2.23,0
Nigeria,2096,2.21,0
Nigeria,2097,2.2,0
Nigeria,2098,2.19,0
Nigeria,2099,2.19,0
Nicaragua,1900,6.16,2310
Nicaragua,1901,6.16,2330
Nicaragua,1902,6.16,2360
Nicaragua,1903,6.16,2380
Nicaragua,1904,6.16,2410
Nicaragua,1905,6.16,2430
Nicaragua,1906,6.16,2460
Nicaragua,1907,6.16,2480
Nicaragua,1908,6.16,2510
Nicaragua,1909,6.16,2540
Nicaragua,1910,6.16,2570
Nicaragua,1911,6.16,2610
Nicaragua,1912,6.16,2640
Nicaragua,1913,6.16,2680
Nicaragua,1914,6.16,2720
Nicaragua,1915,6.16,2760
Nicaragua,1916,6.16,2790
Nicaragua,1917,6.16,2830
Nicaragua,1918,6.16,2870
Nicaragua,1919,6.16,2910
Nicaragua,1920,6.16,3020
Nicaragua,1921,6.16,2730
Nicaragua,1922,6.16,2920
Nicaragua,1923,6.16,3040
Nicaragua,1924,6.16,3360
Nicaragua,1925,6.16,2880
Nicaragua,1926,6.16,2890
Nicaragua,1927,6.16,3660
Nicaragua,1928,6.16,4030
Nicaragua,1929,6.16,3260
Nicaragua,1930,6.16,3000
Nicaragua,1931,6.16,2700
Nicaragua,1932,6.16,3350
Nicaragua,1933,6.16,3000
Nicaragua,1934,6.16,2970
Nicaragua,1935,6.21,2300
Nicaragua,1936,6.26,2430
Nicaragua,1937,6.31,2480
Nicaragua,1938,6.36,2960
Nicaragua,1939,6.4,3160
Nicaragua,1940,6.45,3420
Nicaragua,1941,6.5,3210
Nicaragua,1942,6.55,3440
Nicaragua,1943,6.6,3330
Nicaragua,1944,6.64,3280
Nicaragua,1945,6.69,3450
Nicaragua,1946,6.74,3350
Nicaragua,1947,6.79,3570
Nicaragua,1948,6.84,3400
Nicaragua,1949,6.88,3720
Nicaragua,1950,6.98,3860
Nicaragua,1951,7.16,4380
Nicaragua,1952,7.3,4350
Nicaragua,1953,7.4,4610
Nicaragua,1954,7.47,4770
Nicaragua,1955,7.5,4620
Nicaragua,1956,7.5,4860
Nicaragua,1957,7.46,4730
Nicaragua,1958,7.41,4650
Nicaragua,1959,7.34,4570
Nicaragua,1960,7.26,4740
Nicaragua,1961,7.18,5070
Nicaragua,1962,7.11,5430
Nicaragua,1963,7.05,5850
Nicaragua,1964,7.01,6190
Nicaragua,1965,6.98,6170
Nicaragua,1966,6.96,6370
Nicaragua,1967,6.94,6230
Nicaragua,1968,6.92,6410
Nicaragua,1969,6.89,6250
Nicaragua,1970,6.86,6320
Nicaragua,1971,6.81,6310
Nicaragua,1972,6.75,6420
Nicaragua,1973,6.68,6990
Nicaragua,1974,6.6,6890
Nicaragua,1975,6.51,6980
Nicaragua,1976,6.42,7160
Nicaragua,1977,6.33,6480
Nicaragua,1978,6.23,4610
Nicaragua,1979,6.13,4610
Nicaragua,1980,6.02,4670
Nicaragua,1981,5.9,4500
Nicaragua,1982,5.76,4580
Nicaragua,1983,5.61,4390
Nicaragua,1984,5.45,4110
Nicaragua,1985,5.28,3970
Nicaragua,1986,5.1,3840
Nicaragua,1987,4.93,3270
Nicaragua,1988,4.76,3120
Nicaragua,1989,4.6,2970
Nicaragua,1990,4.43,2900
Nicaragua,1991,4.27,2850
Nicaragua,1992,4.11,2780
Nicaragua,1993,3.94,2810
Nicaragua,1994,3.78,2910
Nicaragua,1995,3.62,3040
Nicaragua,1996,3.47,3100
Nicaragua,1997,3.33,3160
Nicaragua,1998,3.2,3330
Nicaragua,1999,3.08,3420
Nicaragua,2000,2.98,3470
Nicaragua,2001,2.89,3440
Nicaragua,2002,2.81,3480
Nicaragua,2003,2.74,3620
Nicaragua,2004,2.68,3720
Nicaragua,2005,2.62,3820
Nicaragua,2006,2.57,3960
Nicaragua,2007,2.52,4040
Nicaragua,2008,2.48,3850
Nicaragua,2009,2.43,3970
Nicaragua,2010,2.38,4160
Nicaragua,2011,2.34,4380
Nicaragua,2012,2.3,4530
Nicaragua,2013,2.26,4690
Nicaragua,2014,2.23,4850
Nicaragua,2015,2.2,5000
Nicaragua,2016,2.17,5170
Nicaragua,2017,2.14,4910
Nicaragua,2018,2.12,4620
Nicaragua,2019,2.09,4530
Nicaragua,2020,2.07,4480
Nicaragua,2021,2.04,4450
Nicaragua,2022,2.02,4450
Nicaragua,2023,2,4470
Nicaragua,2024,1.98,4490
Nicaragua,2025,1.96,4520
Nicaragua,2026,1.94,4570
Nicaragua,2027,1.92,4620
Nicaragua,2028,1.9,4690
Nicaragua,2029,1.89,4760
Nicaragua,2030,1.87,4850
Nicaragua,2031,1.86,4940
Nicaragua,2032,1.84,5040
Nicaragua,2033,1.83,5140
Nicaragua,2034,1.82,5250
Nicaragua,2035,1.81,5350
Nicaragua,2036,1.8,5460
Nicaragua,2037,1.79,5570
Nicaragua,2038,1.78,5690
Nicaragua,2039,1.77,5800
Nicaragua,2040,1.77,0
Nicaragua,2041,1.76,0
Nicaragua,2042,1.75,0
Nicaragua,2043,1.75,0
Nicaragua,2044,1.74,0
Nicaragua,2045,1.74,0
Nicaragua,2046,1.73,0
Nicaragua,2047,1.73,0
Nicaragua,2048,1.73,0
Nicaragua,2049,1.73,0
Nicaragua,2050,1.73,0
Nicaragua,2051,1.72,0
Nicaragua,2052,1.72,0
Nicaragua,2053,1.72,0
Nicaragua,2054,1.72,0
Nicaragua,2055,1.72,0
Nicaragua,2056,1.72,0
Nicaragua,2057,1.72,0
Nicaragua,2058,1.72,0
Nicaragua,2059,1.72,0
Nicaragua,2060,1.72,0
Nicaragua,2061,1.73,0
Nicaragua,2062,1.73,0
Nicaragua,2063,1.73,0
Nicaragua,2064,1.73,0
Nicaragua,2065,1.73,0
Nicaragua,2066,1.73,0
Nicaragua,2067,1.73,0
Nicaragua,2068,1.73,0
Nicaragua,2069,1.73,0
Nicaragua,2070,1.73,0
Nicaragua,2071,1.74,0
Nicaragua,2072,1.74,0
Nicaragua,2073,1.74,0
Nicaragua,2074,1.74,0
Nicaragua,2075,1.74,0
Nicaragua,2076,1.75,0
Nicaragua,2077,1.75,0
Nicaragua,2078,1.75,0
Nicaragua,2079,1.75,0
Nicaragua,2080,1.75,0
Nicaragua,2081,1.75,0
Nicaragua,2082,1.76,0
Nicaragua,2083,1.76,0
Nicaragua,2084,1.76,0
Nicaragua,2085,1.76,0
Nicaragua,2086,1.76,0
Nicaragua,2087,1.76,0
Nicaragua,2088,1.76,0
Nicaragua,2089,1.77,0
Nicaragua,2090,1.77,0
Nicaragua,2091,1.77,0
Nicaragua,2092,1.77,0
Nicaragua,2093,1.77,0
Nicaragua,2094,1.77,0
Nicaragua,2095,1.77,0
Nicaragua,2096,1.78,0
Nicaragua,2097,1.78,0
Nicaragua,2098,1.78,0
Nicaragua,2099,1.78,0
Netherlands,1900,4.53,6190
Netherlands,1901,4.46,6360
Netherlands,1902,4.42,6260
Netherlands,1903,4.38,6260
Netherlands,1904,4.29,6470
Netherlands,1905,4.23,6510
Netherlands,1906,4.18,6310
Netherlands,1907,4.13,6350
Netherlands,1908,4.04,6610
Netherlands,1909,3.94,6810
Netherlands,1910,3.81,6950
Netherlands,1911,3.84,7050
Netherlands,1912,3.85,7290
Netherlands,1913,3.86,6960
Netherlands,1914,3.59,7060
Netherlands,1915,3.64,7120
Netherlands,1916,3.59,6530
Netherlands,1917,3.47,6030
Netherlands,1918,3.36,7420
Netherlands,1919,3.89,7590
Netherlands,1920,3.75,7970
Netherlands,1921,3.54,8280
Netherlands,1922,3.55,8340
Netherlands,1923,3.39,8810
Netherlands,1924,3.26,9050
Netherlands,1925,3.18,9640
Netherlands,1926,3.08,9910
Netherlands,1927,3.09,0
Netherlands,1928,3,0
Netherlands,1929,3.03,0
Netherlands,1930,2.88,9330
Netherlands,1931,2.83,9060
Netherlands,1932,2.66,8920
Netherlands,1933,2.63,8650
Netherlands,1934,2.57,8870
Netherlands,1935,2.51,9340
Netherlands,1936,2.53,9780
Netherlands,1937,2.63,9450
Netherlands,1938,2.64,9980
Netherlands,1939,2.67,8690
Netherlands,1940,2.61,8150
Netherlands,1941,2.71,7390
Netherlands,1942,2.98,7160
Netherlands,1943,3.13,4770
Netherlands,1944,2.96,4830
Netherlands,1945,3.97,8020
Netherlands,1946,3.7,9080
Netherlands,1947,3.41,9880
Netherlands,1948,3.22,10600
Netherlands,1949,3.1,10800
Netherlands,1950,3.05,10900
Netherlands,1951,3.09,10900
Netherlands,1952,3.03,11800
Netherlands,1953,3.03,12400
Netherlands,1954,3.03,13200
Netherlands,1955,3.05,13500
Netherlands,1956,3.08,13700
Netherlands,1957,3.11,13500
Netherlands,1958,3.17,13900
Netherlands,1959,3.12,14900
Netherlands,1960,3.22,14800
Netherlands,1961,3.18,15600
Netherlands,1962,3.19,16000
Netherlands,1963,3.17,17100
Netherlands,1964,3.04,17700
Netherlands,1965,2.9,18000
Netherlands,1966,2.81,18800
Netherlands,1967,2.72,19800
Netherlands,1968,2.75,20900
Netherlands,1969,2.57,21800
Netherlands,1970,2.36,22500
Netherlands,1971,2.15,23000
Netherlands,1972,1.9,23900
Netherlands,1973,1.77,24700
Netherlands,1974,1.66,24500
Netherlands,1975,1.63,25500
Netherlands,1976,1.58,26100
Netherlands,1977,1.58,26600
Netherlands,1978,1.56,27000
Netherlands,1979,1.6,27200
Netherlands,1980,1.56,26900
Netherlands,1981,1.5,26500
Netherlands,1982,1.47,26900
Netherlands,1983,1.49,27700
Netherlands,1984,1.51,28400
Netherlands,1985,1.55,29100
Netherlands,1986,1.56,29300
Netherlands,1987,1.55,29900
Netherlands,1988,1.55,31200
Netherlands,1989,1.62,32300
Netherlands,1990,1.61,32800
Netherlands,1991,1.59,33100
Netherlands,1992,1.57,33300
Netherlands,1993,1.57,34100
Netherlands,1994,1.53,35000
Netherlands,1995,1.53,36100
Netherlands,1996,1.56,37400
Netherlands,1997,1.63,38900
Netherlands,1998,1.65,40600
Netherlands,1999,1.72,42000
Netherlands,2000,1.71,42700
Netherlands,2001,1.73,42500
Netherlands,2002,1.75,42400
Netherlands,2003,1.73,43000
Netherlands,2004,1.71,43800
Netherlands,2005,1.72,45300
Netherlands,2006,1.72,46900
Netherlands,2007,1.77,47700
Netherlands,2008,1.79,45700
Netherlands,2009,1.8,46100
Netherlands,2010,1.76,46600
Netherlands,2011,1.76,45900
Netherlands,2012,1.77,45800
Netherlands,2013,1.76,46200
Netherlands,2014,1.75,46900
Netherlands,2015,1.74,47700
Netherlands,2016,1.75,48800
Netherlands,2017,1.75,49800
Netherlands,2018,1.75,50500
Netherlands,2019,1.76,51200
Netherlands,2020,1.76,51800
Netherlands,2021,1.76,52500
Netherlands,2022,1.77,53100
Netherlands,2023,1.77,53700
Netherlands,2024,1.77,54400
Netherlands,2025,1.77,55200
Netherlands,2026,1.78,56000
Netherlands,2027,1.78,56900
Netherlands,2028,1.78,57900
Netherlands,2029,1.78,59000
Netherlands,2030,1.78,60100
Netherlands,2031,1.79,61300
Netherlands,2032,1.79,62500
Netherlands,2033,1.79,63800
Netherlands,2034,1.79,65100
Netherlands,2035,1.79,66400
Netherlands,2036,1.8,67800
Netherlands,2037,1.8,69100
Netherlands,2038,1.8,70500
Netherlands,2039,1.8,72000
Netherlands,2040,1.8,0
Netherlands,2041,1.8,0
Netherlands,2042,1.8,0
Netherlands,2043,1.81,0
Netherlands,2044,1.81,0
Netherlands,2045,1.81,0
Netherlands,2046,1.81,0
Netherlands,2047,1.81,0
Netherlands,2048,1.81,0
Netherlands,2049,1.81,0
Netherlands,2050,1.81,0
Netherlands,2051,1.81,0
Netherlands,2052,1.81,0
Netherlands,2053,1.82,0
Netherlands,2054,1.82,0
Netherlands,2055,1.82,0
Netherlands,2056,1.82,0
Netherlands,2057,1.82,0
Netherlands,2058,1.82,0
Netherlands,2059,1.82,0
Netherlands,2060,1.82,0
Netherlands,2061,1.82,0
Netherlands,2062,1.82,0
Netherlands,2063,1.82,0
Netherlands,2064,1.82,0
Netherlands,2065,1.82,0
Netherlands,2066,1.82,0
Netherlands,2067,1.82,0
Netherlands,2068,1.83,0
Netherlands,2069,1.83,0
Netherlands,2070,1.83,0
Netherlands,2071,1.83,0
Netherlands,2072,1.83,0
Netherlands,2073,1.83,0
Netherlands,2074,1.83,0
Netherlands,2075,1.83,0
Netherlands,2076,1.83,0
Netherlands,2077,1.83,0
Netherlands,2078,1.83,0
Netherlands,2079,1.83,0
Netherlands,2080,1.83,0
Netherlands,2081,1.83,0
Netherlands,2082,1.83,0
Netherlands,2083,1.83,0
Netherlands,2084,1.83,0
Netherlands,2085,1.83,0
Netherlands,2086,1.83,0
Netherlands,2087,1.83,0
Netherlands,2088,1.83,0
Netherlands,2089,1.83,0
Netherlands,2090,1.83,0
Netherlands,2091,1.83,0
Netherlands,2092,1.83,0
Netherlands,2093,1.83,0
Netherlands,2094,1.83,0
Netherlands,2095,1.83,0
Netherlands,2096,1.84,0
Netherlands,2097,1.84,0
Netherlands,2098,1.84,0
Netherlands,2099,1.84,0
United States,1900,3.85,6820
United States,1901,3.84,6760
United States,1902,3.83,6960
United States,1903,3.79,6740
United States,1904,3.75,7090
United States,1905,3.71,7760
United States,1906,3.67,7740
United States,1907,3.63,6970
United States,1908,3.58,7670
United States,1909,3.59,7590
United States,1910,3.57,7710
United States,1911,3.56,7950
United States,1912,3.45,8100
United States,1913,3.57,7330
United States,1914,3.52,7430
United States,1915,3.47,8340
United States,1916,3.33,8020
United States,1917,3.31,8650
United States,1918,3.07,8680
United States,1919,3.26,8490
United States,1920,3.33,8130
United States,1921,3.11,8470
United States,1922,3.1,9420
United States,1923,3.12,9530
United States,1924,3.01,9600
United States,1925,2.9,10100
United States,1926,2.82,10100
United States,1927,2.66,10000
United States,1928,2.53,10500
United States,1929,2.53,9490
United States,1930,2.4,8860
United States,1931,2.32,7530
United States,1932,2.01,7270
United States,1933,2.07,7880
United States,1934,2.04,8850
United States,1935,2.01,9720
United States,1936,2.04,10400
United States,1937,2.09,9800
United States,1938,2.05,10500
United States,1939,2.11,11300
United States,1940,2.23,12800
United States,1941,2.47,14200
United States,1942,2.57,15400
United States,1943,2.44,16400
United States,1944,2.38,16000
United States,1945,2.83,14500
United States,1946,3.16,14100
United States,1947,3.01,14600
United States,1948,3.02,14100
United States,1949,3.02,15200
United States,1950,3.2,16100
United States,1951,3.3,16400
United States,1952,3.37,16900
United States,1953,3.49,16500
United States,1954,3.54,17400
United States,1955,3.65,17400
United States,1956,3.74,17400
United States,1957,3.69,16900
United States,1958,3.69,17900
United States,1959,3.67,18100
United States,1960,3.63,18200
United States,1961,3.48,19000
United States,1962,3.35,19500
United States,1963,3.22,20300
United States,1964,2.93,21400
United States,1965,2.71,22500
United States,1966,2.56,22800
United States,1967,2.47,23700
United States,1968,2.46,24200
United States,1969,2.46,23900
United States,1970,2.27,24400
United States,1971,2.01,25400
United States,1972,1.87,26600
United States,1973,1.83,26200
United States,1974,1.77,25900
United States,1975,1.74,27000
United States,1976,1.78,27900
United States,1977,1.75,29200
United States,1978,1.8,29900
United States,1979,1.82,29500
United States,1980,1.81,30000
United States,1981,1.81,29100
United States,1982,1.78,30100
United States,1983,1.79,32000
United States,1984,1.84,32900
United States,1985,1.84,33700
United States,1986,1.87,34600
United States,1987,1.92,35700
United States,1988,2,36600
United States,1989,2.07,36800
United States,1990,2.06,36300
United States,1991,2.04,37000
United States,1992,2.02,37600
United States,1993,2,38600
United States,1994,1.98,39200
United States,1995,1.98,40200
United States,1996,1.97,41500
United States,1997,2,42800
United States,1998,2.01,44300
United States,1999,2.05,45700
United States,2000,2.03,45700
United States,2001,2.02,46000
United States,2002,2.05,46900
United States,2003,2.06,48300
United States,2004,2.06,49500
United States,2005,2.11,50400
United States,2006,2.12,50900
United States,2007,2.07,50400
United States,2008,2,48600
United States,2009,1.93,49500
United States,2010,1.9,49900
United States,2011,1.9,50600
United States,2012,1.96,51200
United States,2013,1.95,52100
United States,2014,1.93,53200
United States,2015,1.92,53600
United States,2016,1.91,54500
United States,2017,1.9,55700
United States,2018,1.9,56700
United States,2019,1.89,57500
United States,2020,1.89,58200
United States,2021,1.89,58800
United States,2022,1.89,59400
United States,2023,1.9,60100
United States,2024,1.9,60700
United States,2025,1.9,61500
United States,2026,1.9,62300
United States,2027,1.9,63300
United States,2028,1.9,64400
United States,2029,1.9,65500
United States,2030,1.9,66800
United States,2031,1.9,68100
United States,2032,1.9,69500
United States,2033,1.9,70900
United States,2034,1.91,72300
United States,2035,1.91,73800
United States,2036,1.91,75300
United States,2037,1.91,76800
United States,2038,1.91,78400
United States,2039,1.91,80000
United States,2040,1.91,0
United States,2041,1.91,0
United States,2042,1.91,0
United States,2043,1.91,0
United States,2044,1.91,0
United States,2045,1.91,0
United States,2046,1.91,0
United States,2047,1.91,0
United States,2048,1.91,0
United States,2049,1.91,0
United States,2050,1.91,0
United States,2051,1.91,0
United States,2052,1.91,0
United States,2053,1.92,0
United States,2054,1.92,0
United States,2055,1.92,0
United States,2056,1.92,0
United States,2057,1.92,0
United States,2058,1.92,0
United States,2059,1.92,0
United States,2060,1.92,0
United States,2061,1.92,0
United States,2062,1.92,0
United States,2063,1.92,0
United States,2064,1.92,0
United States,2065,1.92,0
United States,2066,1.92,0
United States,2067,1.92,0
United States,2068,1.92,0
United States,2069,1.92,0
United States,2070,1.92,0
United States,2071,1.92,0
United States,2072,1.92,0
United States,2073,1.92,0
United States,2074,1.92,0
United States,2075,1.92,0
United States,2076,1.92,0
United States,2077,1.92,0
United States,2078,1.92,0
United States,2079,1.92,0
United States,2080,1.92,0
United States,2081,1.92,0
United States,2082,1.92,0
United States,2083,1.92,0
United States,2084,1.92,0
United States,2085,1.92,0
United States,2086,1.92,0
United States,2087,1.92,0
United States,2088,1.92,0
United States,2089,1.92,0
United States,2090,1.92,0
United States,2091,1.92,0
United States,2092,1.92,0
United States,2093,1.92,0
United States,2094,1.92,0
United States,2095,1.92,0
United States,2096,1.92,0
United States,2097,1.92,0
United States,2098,1.92,0
United States,2099,1.92,0
